2026-06-26 16:34:12,724 INFO Batch austin_fast: 3387 rows, workers=2, starting at 0/3387 -> /Users/manikaransingh/linkedin-tenure-weekly/ashutosh/data/person_linkedin/austin_fast_20260626_163412.csv
2026-06-26 16:34:43,073 WARNING Serper request failed for "Nikita Kuznietsov" wise site:linkedin.com/in: HTTPSConnectionPool(host='google.serper.dev', port=443): Max retries exceeded with url: /search (Caused by ConnectTimeoutError(<HTTPSConnection(host='google.serper.dev', port=443) at 0x105f73b10>, 'Connection to google.serper.dev timed out. (connect timeout=30.0)'))
2026-06-26 16:34:43,073 WARNING Serper request failed for "Christian Britto" self site:linkedin.com/in: HTTPSConnectionPool(host='google.serper.dev', port=443): Max retries exceeded with url: /search (Caused by ConnectTimeoutError(<HTTPSConnection(host='google.serper.dev', port=443) at 0x105f56e40>, 'Connection to google.serper.dev timed out. (connect timeout=30.0)'))
2026-06-26 16:36:23,912 WARNING Serper request failed for "Shuja Khan" apple site:linkedin.com/in: HTTPSConnectionPool(host='google.serper.dev', port=443): Max retries exceeded with url: /search (Caused by ConnectTimeoutError(<HTTPSConnection(host='google.serper.dev', port=443) at 0x105f73250>, 'Connection to google.serper.dev timed out. (connect timeout=30.0)'))
2026-06-26 16:36:24,510 WARNING Serper request failed for "Samira Palmatary" affirm site:linkedin.com/in: HTTPSConnectionPool(host='google.serper.dev', port=443): Max retries exceeded with url: /search (Caused by ConnectTimeoutError(<HTTPSConnection(host='google.serper.dev', port=443) at 0x105f73ed0>, 'Connection to google.serper.dev timed out. (connect timeout=30.0)'))
2026-06-26 16:38:23,931 WARNING search_people_with_filters network error (attempt 1): HTTPSConnectionPool(host='linkedin-data-scraper.p.rapidapi.com', port=443): Max retries exceeded with url: /search_people_with_filters (Caused by ConnectTimeoutError(<HTTPSConnection(host='linkedin-data-scraper.p.rapidapi.com', port=443) at 0x1060687d0>, 'Connection to linkedin-data-scraper.p.rapidapi.com timed out. (connect timeout=60)'))
2026-06-26 16:38:24,518 WARNING search_people_with_filters network error (attempt 1): HTTPSConnectionPool(host='linkedin-data-scraper.p.rapidapi.com', port=443): Max retries exceeded with url: /search_people_with_filters (Caused by ConnectTimeoutError(<HTTPSConnection(host='linkedin-data-scraper.p.rapidapi.com', port=443) at 0x106068b90>, 'Connection to linkedin-data-scraper.p.rapidapi.com timed out. (connect timeout=60)'))
2026-06-26 16:40:25,947 WARNING search_people_with_filters network error (attempt 2): HTTPSConnectionPool(host='linkedin-data-scraper.p.rapidapi.com', port=443): Max retries exceeded with url: /search_people_with_filters (Caused by ConnectTimeoutError(<HTTPSConnection(host='linkedin-data-scraper.p.rapidapi.com', port=443) at 0x106068910>, 'Connection to linkedin-data-scraper.p.rapidapi.com timed out. (connect timeout=60)'))
2026-06-26 16:40:26,530 WARNING search_people_with_filters network error (attempt 2): HTTPSConnectionPool(host='linkedin-data-scraper.p.rapidapi.com', port=443): Max retries exceeded with url: /search_people_with_filters (Caused by ConnectTimeoutError(<HTTPSConnection(host='linkedin-data-scraper.p.rapidapi.com', port=443) at 0x106069090>, 'Connection to linkedin-data-scraper.p.rapidapi.com timed out. (connect timeout=60)'))
2026-06-26 16:40:59,238 INFO Batch austin_fast: 3387 rows, workers=2, starting at 0/3387 -> /Users/manikaransingh/linkedin-tenure-weekly/ashutosh/data/person_linkedin/austin_fast_20260626_164059.csv
2026-06-26 16:41:24,520 INFO Batch austin_fast: 3387 rows, workers=2, starting at 0/3387 -> /Users/manikaransingh/linkedin-tenure-weekly/ashutosh/data/person_linkedin/austin_fast_20260626_164124.csv
2026-06-26 16:42:34,369 WARNING Serper request failed for "Jerry Wu" snapchat site:linkedin.com/in: HTTPSConnectionPool(host='google.serper.dev', port=443): Max retries exceeded with url: /search (Caused by ConnectTimeoutError(<HTTPSConnection(host='google.serper.dev', port=443) at 0x106b62c10>, 'Connection to google.serper.dev timed out. (connect timeout=10.0)'))
2026-06-26 16:43:05,653 INFO [austin_fast] 100/3387 done — found=84 low_conf=0 no_match=16 invalid=0 rapidapi=7
2026-06-26 16:44:00,998 WARNING search_people_with_filters HTTP 400: {"success":true,"status":200,"error":"Not found"}
2026-06-26 16:44:46,934 INFO [austin_fast] 200/3387 done — found=158 low_conf=0 no_match=41 invalid=1 rapidapi=8
2026-06-26 16:45:00,309 WARNING search_people_with_filters HTTP 400: {"success":true,"status":200,"error":"Not found"}
2026-06-26 16:45:04,338 WARNING search_people_with_filters HTTP 400: {"success":true,"status":200,"error":"Not found"}
2026-06-26 16:45:33,160 WARNING search_people_with_filters HTTP 400: {"success":true,"status":200,"error":"Not found"}
2026-06-26 16:46:35,191 INFO [austin_fast] 300/3387 done — found=225 low_conf=0 no_match=71 invalid=4 rapidapi=12
2026-06-26 16:46:47,268 WARNING search_people_with_filters HTTP 400: {"success":true,"status":200,"error":"Not found"}
2026-06-26 16:48:46,872 INFO [austin_fast] 400/3387 done — found=281 low_conf=0 no_match=111 invalid=8 rapidapi=14
2026-06-26 16:50:27,124 INFO [austin_fast] 500/3387 done — found=330 low_conf=0 no_match=135 invalid=35 rapidapi=16
2026-06-26 16:50:44,342 WARNING search_people_with_filters HTTP 400: {"success":true,"status":200,"error":"Not found"}
2026-06-26 16:51:09,017 WARNING search_people_with_filters HTTP 400: {"success":true,"status":200,"error":"Not found"}
2026-06-26 16:52:01,478 WARNING search_people_with_filters HTTP 400: {"success":true,"status":200,"error":"Not found"}
2026-06-26 16:52:06,565 INFO [austin_fast] 600/3387 done — found=413 low_conf=0 no_match=152 invalid=35 rapidapi=22
2026-06-26 16:52:39,405 WARNING search_people_with_filters HTTP 400: {"success":true,"status":200,"error":"Not found"}
2026-06-26 16:53:31,846 WARNING search_people_with_filters network error (attempt 2): HTTPSConnectionPool(host='linkedin-data-scraper.p.rapidapi.com', port=443): Read timed out.
2026-06-26 16:53:59,848 WARNING search_people_with_filters HTTP 400: {"success":true,"status":200,"error":"Not found"}
2026-06-26 16:54:11,604 INFO [austin_fast] 700/3387 done — found=483 low_conf=0 no_match=179 invalid=38 rapidapi=31
2026-06-26 16:55:28,622 INFO [austin_fast] 800/3387 done — found=574 low_conf=0 no_match=188 invalid=38 rapidapi=35
2026-06-26 16:57:36,307 INFO [austin_fast] 900/3387 done — found=643 low_conf=0 no_match=219 invalid=38 rapidapi=42
2026-06-26 16:59:23,024 INFO [austin_fast] 1000/3387 done — found=727 low_conf=0 no_match=235 invalid=38 rapidapi=50
2026-06-26 17:01:24,508 INFO [austin_fast] 1100/3387 done — found=798 low_conf=0 no_match=264 invalid=38 rapidapi=56
2026-06-26 17:04:01,165 INFO [austin_fast] 1200/3387 done — found=870 low_conf=0 no_match=292 invalid=38 rapidapi=74
2026-06-26 17:05:36,372 INFO [austin_fast] 1300/3387 done — found=953 low_conf=0 no_match=309 invalid=38 rapidapi=85
2026-06-26 17:07:31,603 INFO [austin_fast] 1400/3387 done — found=1025 low_conf=0 no_match=337 invalid=38 rapidapi=89
2026-06-26 17:09:12,408 INFO [austin_fast] 1500/3387 done — found=1108 low_conf=0 no_match=354 invalid=38 rapidapi=96
2026-06-26 17:11:06,849 INFO [austin_fast] 1600/3387 done — found=1181 low_conf=0 no_match=381 invalid=38 rapidapi=103
2026-06-26 17:13:10,221 INFO [austin_fast] 1700/3387 done — found=1251 low_conf=0 no_match=411 invalid=38 rapidapi=111
2026-06-26 17:15:16,038 INFO [austin_fast] 1800/3387 done — found=1320 low_conf=0 no_match=442 invalid=38 rapidapi=118
2026-06-26 17:17:22,426 INFO [austin_fast] 1900/3387 done — found=1390 low_conf=0 no_match=472 invalid=38 rapidapi=128
2026-06-26 17:19:15,670 INFO [austin_fast] 2000/3387 done — found=1445 low_conf=0 no_match=506 invalid=49 rapidapi=131
2026-06-26 17:20:57,618 INFO [austin_fast] 2100/3387 done — found=1521 low_conf=0 no_match=530 invalid=49 rapidapi=135
2026-06-26 17:22:32,482 INFO [austin_fast] 2200/3387 done — found=1596 low_conf=0 no_match=554 invalid=50 rapidapi=137
2026-06-26 17:24:10,238 INFO [austin_fast] 2300/3387 done — found=1672 low_conf=0 no_match=578 invalid=50 rapidapi=141
2026-06-26 17:25:31,756 INFO [austin_fast] 2400/3387 done — found=1761 low_conf=0 no_match=589 invalid=50 rapidapi=147
2026-06-26 17:26:49,197 INFO [austin_fast] 2500/3387 done — found=1849 low_conf=0 no_match=601 invalid=50 rapidapi=149
2026-06-26 17:28:41,291 INFO [austin_fast] 2600/3387 done — found=1929 low_conf=0 no_match=621 invalid=50 rapidapi=152
2026-06-26 17:30:04,027 INFO [austin_fast] 2700/3387 done — found=2010 low_conf=0 no_match=639 invalid=51 rapidapi=153
2026-06-26 17:31:12,958 WARNING search_people_with_filters HTTP 400: {"success":true,"status":200,"error":"Not found"}
2026-06-26 17:31:21,195 WARNING search_people_with_filters HTTP 400: {"success":true,"status":200,"error":"Not found"}
2026-06-26 17:31:24,926 WARNING search_people_with_filters HTTP 400: {"success":true,"status":200,"error":"Not found"}
2026-06-26 17:31:29,916 INFO [austin_fast] 2800/3387 done — found=2097 low_conf=0 no_match=652 invalid=51 rapidapi=160
2026-06-26 17:32:48,704 INFO [austin_fast] 2900/3387 done — found=2187 low_conf=0 no_match=662 invalid=51 rapidapi=165
2026-06-26 17:33:14,846 WARNING Serper request failed for "Ravi Nemalikanti" abrigo site:linkedin.com/in: HTTPSConnectionPool(host='google.serper.dev', port=443): Max retries exceeded with url: /search (Caused by ConnectTimeoutError(<HTTPSConnection(host='google.serper.dev', port=443) at 0x106b60e10>, 'Connection to google.serper.dev timed out. (connect timeout=10.0)'))
2026-06-26 17:34:32,762 INFO [austin_fast] 3000/3387 done — found=2261 low_conf=0 no_match=685 invalid=54 rapidapi=168
2026-06-26 17:35:57,279 WARNING search_people_with_filters HTTP 400: {"success":true,"status":200,"error":"Not found"}
2026-06-26 17:36:03,551 WARNING search_people_with_filters HTTP 400: {"success":true,"status":200,"error":"Not found"}
2026-06-26 17:36:10,853 WARNING search_people_with_filters HTTP 400: {"success":true,"status":200,"error":"Not found"}
2026-06-26 17:36:12,325 WARNING search_people_with_filters HTTP 400: {"success":true,"status":200,"error":"Not found"}
2026-06-26 17:36:14,729 WARNING search_people_with_filters HTTP 400: {"success":true,"status":200,"error":"Not found"}
2026-06-26 17:36:24,372 INFO [austin_fast] 3100/3387 done — found=2328 low_conf=0 no_match=716 invalid=56 rapidapi=169
2026-06-26 17:38:44,296 INFO [austin_fast] 3200/3387 done — found=2380 low_conf=0 no_match=764 invalid=56 rapidapi=169
2026-06-26 17:40:56,163 INFO [austin_fast] 3300/3387 done — found=2430 low_conf=0 no_match=814 invalid=56 rapidapi=169
2026-06-26 17:42:21,172 INFO [austin_fast] 3387/3387 done — found=2497 low_conf=0 no_match=833 invalid=57 rapidapi=170
2026-06-26 17:42:21,180 INFO Finished austin_fast -> /Users/manikaransingh/linkedin-tenure-weekly/ashutosh/data/person_linkedin/austin_fast_20260626_164124.csv (3387 rows, 2497 with URLs)
2026-06-26 17:42:21,189 INFO Batch chicago_fast: 5449 rows, workers=2, starting at 0/5449 -> /Users/manikaransingh/linkedin-tenure-weekly/ashutosh/data/person_linkedin/chicago_fast_20260626_174221.csv
2026-06-26 17:43:45,258 INFO [chicago_fast] 100/5449 done — found=77 low_conf=0 no_match=23 invalid=0 rapidapi=2
2026-06-26 17:45:09,691 INFO [chicago_fast] 200/5449 done — found=156 low_conf=0 no_match=44 invalid=0 rapidapi=5
2026-06-26 17:46:29,551 INFO [chicago_fast] 300/5449 done — found=238 low_conf=0 no_match=61 invalid=1 rapidapi=8
2026-06-26 17:47:45,135 INFO [chicago_fast] 400/5449 done — found=328 low_conf=0 no_match=71 invalid=1 rapidapi=15
2026-06-26 17:48:59,109 INFO [chicago_fast] 500/5449 done — found=411 low_conf=0 no_match=88 invalid=1 rapidapi=18
2026-06-26 17:50:06,968 INFO [chicago_fast] 600/5449 done — found=499 low_conf=0 no_match=100 invalid=1 rapidapi=20
2026-06-26 17:51:39,514 INFO [chicago_fast] 700/5449 done — found=571 low_conf=0 no_match=128 invalid=1 rapidapi=23
2026-06-26 17:51:52,219 WARNING search_people_with_filters HTTP 400: {"success":true,"status":200,"error":"Not found"}
2026-06-26 17:51:55,559 WARNING search_people_with_filters HTTP 400: {"success":true,"status":200,"error":"Not found"}
2026-06-26 17:52:47,644 WARNING search_people_with_filters HTTP 400: {"success":true,"status":200,"error":"Not found"}
2026-06-26 17:52:47,661 INFO [chicago_fast] 800/5449 done — found=659 low_conf=0 no_match=139 invalid=2 rapidapi=25
2026-06-26 17:54:07,084 INFO [chicago_fast] 900/5449 done — found=736 low_conf=0 no_match=162 invalid=2 rapidapi=26
2026-06-26 17:54:30,301 WARNING search_people_with_filters HTTP 400: {"success":true,"status":200,"error":"Not found"}
2026-06-26 17:54:32,841 WARNING search_people_with_filters HTTP 400: {"success":true,"status":200,"error":"Not found"}
2026-06-26 17:54:36,321 WARNING search_people_with_filters HTTP 400: {"success":true,"status":200,"error":"Not found"}
2026-06-26 17:54:36,693 WARNING search_people_with_filters HTTP 400: {"success":true,"status":200,"error":"Not found"}
2026-06-26 17:54:39,303 WARNING search_people_with_filters HTTP 400: {"success":true,"status":200,"error":"Not found"}
2026-06-26 17:54:42,303 WARNING search_people_with_filters HTTP 400: {"success":true,"status":200,"error":"Not found"}
2026-06-26 17:54:43,333 WARNING search_people_with_filters HTTP 400: {"success":true,"status":200,"error":"Not found"}
2026-06-26 17:54:45,757 WARNING search_people_with_filters HTTP 400: {"success":true,"status":200,"error":"Not found"}
2026-06-26 17:54:48,780 WARNING search_people_with_filters HTTP 400: {"success":true,"status":200,"error":"Not found"}
2026-06-26 17:54:53,452 WARNING search_people_with_filters HTTP 400: {"success":true,"status":200,"error":"Not found"}
2026-06-26 17:54:53,880 WARNING search_people_with_filters HTTP 400: {"success":true,"status":200,"error":"Not found"}
2026-06-26 17:54:56,840 WARNING search_people_with_filters HTTP 400: {"success":true,"status":200,"error":"Not found"}
2026-06-26 17:54:59,928 WARNING search_people_with_filters HTTP 400: {"success":true,"status":200,"error":"Not found"}
2026-06-26 17:55:04,382 WARNING search_people_with_filters HTTP 400: {"success":true,"status":200,"error":"Not found"}
2026-06-26 17:55:08,418 WARNING search_people_with_filters HTTP 400: {"success":true,"status":200,"error":"Not found"}
2026-06-26 17:55:09,737 WARNING search_people_with_filters HTTP 400: {"success":true,"status":200,"error":"Not found"}
2026-06-26 17:55:11,400 WARNING search_people_with_filters HTTP 400: {"success":true,"status":200,"error":"Not found"}
2026-06-26 17:55:13,341 WARNING search_people_with_filters HTTP 400: {"success":true,"status":200,"error":"Not found"}
2026-06-26 17:55:15,452 WARNING search_people_with_filters HTTP 400: {"success":true,"status":200,"error":"Not found"}
2026-06-26 17:55:18,503 WARNING search_people_with_filters HTTP 400: {"success":true,"status":200,"error":"Not found"}
2026-06-26 17:55:25,029 WARNING search_people_with_filters HTTP 400: {"success":true,"status":200,"error":"Not found"}
2026-06-26 17:55:37,083 INFO [chicago_fast] 1000/5449 done — found=784 low_conf=0 no_match=197 invalid=19 rapidapi=29
2026-06-26 17:56:01,029 WARNING search_people_with_filters HTTP 400: {"success":true,"status":200,"error":"Not found"}
2026-06-26 17:56:59,869 INFO [chicago_fast] 1100/5449 done — found=865 low_conf=0 no_match=216 invalid=19 rapidapi=34
2026-06-26 17:58:20,894 INFO [chicago_fast] 1200/5449 done — found=938 low_conf=0 no_match=242 invalid=20 rapidapi=35
2026-06-26 17:59:27,328 WARNING search_people_with_filters HTTP 502: {"messages":"The API is unreachable, please contact the API provider", "info": "Your Client (working) ---> Gateway (working) ---> API (not working)"}
2026-06-26 17:59:34,414 INFO [chicago_fast] 1300/5449 done — found=1025 low_conf=0 no_match=255 invalid=20 rapidapi=37
2026-06-26 17:59:55,785 WARNING search_people_with_filters HTTP 400: {"success":true,"status":200,"error":"Not found"}
2026-06-26 18:00:49,802 INFO [chicago_fast] 1400/5449 done — found=1114 low_conf=0 no_match=266 invalid=20 rapidapi=43
2026-06-26 18:01:30,828 WARNING search_people_with_filters HTTP 400: {"success":true,"status":200,"error":"Not found"}
2026-06-26 18:02:04,144 INFO [chicago_fast] 1500/5449 done — found=1207 low_conf=0 no_match=273 invalid=20 rapidapi=48
2026-06-26 18:03:24,705 INFO [chicago_fast] 1600/5449 done — found=1290 low_conf=0 no_match=290 invalid=20 rapidapi=55
2026-06-26 18:04:48,161 INFO [chicago_fast] 1700/5449 done — found=1368 low_conf=0 no_match=312 invalid=20 rapidapi=57
2026-06-26 18:06:19,434 INFO [chicago_fast] 1800/5449 done — found=1437 low_conf=0 no_match=343 invalid=20 rapidapi=58
2026-06-26 18:07:44,544 INFO [chicago_fast] 1900/5449 done — found=1515 low_conf=0 no_match=365 invalid=20 rapidapi=61
2026-06-26 18:08:50,463 WARNING Serper request failed for "Douglas Shelby" fiserv site:linkedin.com/in: HTTPSConnectionPool(host='google.serper.dev', port=443): Max retries exceeded with url: /search (Caused by ConnectTimeoutError(<HTTPSConnection(host='google.serper.dev', port=443) at 0x106b63250>, 'Connection to google.serper.dev timed out. (connect timeout=10.0)'))
2026-06-26 18:09:16,214 INFO [chicago_fast] 2000/5449 done — found=1593 low_conf=0 no_match=387 invalid=20 rapidapi=67
2026-06-26 18:10:55,782 INFO [chicago_fast] 2100/5449 done — found=1667 low_conf=0 no_match=413 invalid=20 rapidapi=72
2026-06-26 18:12:26,292 INFO [chicago_fast] 2200/5449 done — found=1754 low_conf=0 no_match=426 invalid=20 rapidapi=87
2026-06-26 18:13:50,940 INFO [chicago_fast] 2300/5449 done — found=1841 low_conf=0 no_match=439 invalid=20 rapidapi=97
2026-06-26 18:15:24,365 INFO [chicago_fast] 2400/5449 done — found=1915 low_conf=0 no_match=463 invalid=22 rapidapi=104
2026-06-26 18:16:49,860 WARNING search_people_with_filters HTTP 400: {"success":true,"status":200,"error":"Not found"}
2026-06-26 18:16:52,628 INFO [chicago_fast] 2500/5449 done — found=1994 low_conf=0 no_match=484 invalid=22 rapidapi=108
2026-06-26 18:16:55,795 WARNING search_people_with_filters HTTP 400: {"success":true,"status":200,"error":"Not found"}
2026-06-26 18:16:57,807 WARNING search_people_with_filters HTTP 400: {"success":true,"status":200,"error":"Not found"}
2026-06-26 18:16:58,741 WARNING search_people_with_filters HTTP 400: {"success":true,"status":200,"error":"Not found"}
2026-06-26 18:17:01,491 WARNING search_people_with_filters HTTP 400: {"success":true,"status":200,"error":"Not found"}
2026-06-26 18:17:12,174 WARNING search_people_with_filters HTTP 400: {"success":true,"status":200,"error":"Not found"}
2026-06-26 18:18:23,719 INFO [chicago_fast] 2600/5449 done — found=2063 low_conf=0 no_match=515 invalid=22 rapidapi=108
2026-06-26 18:19:45,854 INFO [chicago_fast] 2700/5449 done — found=2144 low_conf=0 no_match=534 invalid=22 rapidapi=115
2026-06-26 18:21:14,685 INFO [chicago_fast] 2800/5449 done — found=2223 low_conf=0 no_match=555 invalid=22 rapidapi=122
2026-06-26 18:22:32,626 WARNING Serper request failed for "Matthew Ruggeri" rush street site:linkedin.com/in: HTTPSConnectionPool(host='google.serper.dev', port=443): Max retries exceeded with url: /search (Caused by ConnectTimeoutError(<HTTPSConnection(host='google.serper.dev', port=443) at 0x106b63390>, 'Connection to google.serper.dev timed out. (connect timeout=10.0)'))
2026-06-26 18:22:46,030 INFO [chicago_fast] 2900/5449 done — found=2306 low_conf=0 no_match=572 invalid=22 rapidapi=129
2026-06-26 18:23:06,226 WARNING Serper request failed for "Elizabeth Cook" epic games site:linkedin.com/in: HTTPSConnectionPool(host='google.serper.dev', port=443): Max retries exceeded with url: /search (Caused by NameResolutionError("HTTPSConnection(host='google.serper.dev', port=443): Failed to resolve 'google.serper.dev' ([Errno 8] nodename nor servname provided, or not known)"))
2026-06-26 18:23:07,150 WARNING Serper request failed for "Todd Handzo" rush street site:linkedin.com/in: HTTPSConnectionPool(host='google.serper.dev', port=443): Max retries exceeded with url: /search (Caused by NameResolutionError("HTTPSConnection(host='google.serper.dev', port=443): Failed to resolve 'google.serper.dev' ([Errno 8] nodename nor servname provided, or not known)"))
2026-06-26 18:23:08,312 WARNING Serper request failed for "Christina Herrera" penn entertainment site:linked: HTTPSConnectionPool(host='google.serper.dev', port=443): Max retries exceeded with url: /search (Caused by NameResolutionError("HTTPSConnection(host='google.serper.dev', port=443): Failed to resolve 'google.serper.dev' ([Errno 8] nodename nor servname provided, or not known)"))
2026-06-26 18:23:08,810 WARNING Serper request failed for "Jean Vazquez" mgm site:linkedin.com/in: HTTPSConnectionPool(host='google.serper.dev', port=443): Max retries exceeded with url: /search (Caused by NameResolutionError("HTTPSConnection(host='google.serper.dev', port=443): Failed to resolve 'google.serper.dev' ([Errno 8] nodename nor servname provided, or not known)"))
2026-06-26 18:23:09,913 WARNING Serper request failed for "Tim Mauch" penn entertainment site:linkedin.com/i: HTTPSConnectionPool(host='google.serper.dev', port=443): Max retries exceeded with url: /search (Caused by NameResolutionError("HTTPSConnection(host='google.serper.dev', port=443): Failed to resolve 'google.serper.dev' ([Errno 8] nodename nor servname provided, or not known)"))
2026-06-26 18:23:10,778 WARNING Serper request failed for "Ryan Cruz" fanduel site:linkedin.com/in: HTTPSConnectionPool(host='google.serper.dev', port=443): Max retries exceeded with url: /search (Caused by NameResolutionError("HTTPSConnection(host='google.serper.dev', port=443): Failed to resolve 'google.serper.dev' ([Errno 8] nodename nor servname provided, or not known)"))
2026-06-26 18:23:12,342 WARNING Serper request failed for "Daniel Kuipers" penn entertainment site:linkedin.: HTTPSConnectionPool(host='google.serper.dev', port=443): Max retries exceeded with url: /search (Caused by NameResolutionError("HTTPSConnection(host='google.serper.dev', port=443): Failed to resolve 'google.serper.dev' ([Errno 8] nodename nor servname provided, or not known)"))
2026-06-26 18:23:12,724 WARNING Serper request failed for "Dee Smith" penn entertainment site:linkedin.com/i: HTTPSConnectionPool(host='google.serper.dev', port=443): Max retries exceeded with url: /search (Caused by NameResolutionError("HTTPSConnection(host='google.serper.dev', port=443): Failed to resolve 'google.serper.dev' ([Errno 8] nodename nor servname provided, or not known)"))
2026-06-26 18:23:14,016 WARNING Serper request failed for "Wesley Pate" penn entertainment site:linkedin.com: HTTPSConnectionPool(host='google.serper.dev', port=443): Max retries exceeded with url: /search (Caused by NameResolutionError("HTTPSConnection(host='google.serper.dev', port=443): Failed to resolve 'google.serper.dev' ([Errno 8] nodename nor servname provided, or not known)"))
2026-06-26 18:23:14,338 WARNING Serper request failed for "Adam Glass" rush street site:linkedin.com/in: HTTPSConnectionPool(host='google.serper.dev', port=443): Max retries exceeded with url: /search (Caused by NameResolutionError("HTTPSConnection(host='google.serper.dev', port=443): Failed to resolve 'google.serper.dev' ([Errno 8] nodename nor servname provided, or not known)"))
2026-06-26 18:23:15,942 WARNING Serper request failed for "Heather Sharpe" penn entertainment site:linkedin.: HTTPSConnectionPool(host='google.serper.dev', port=443): Max retries exceeded with url: /search (Caused by NameResolutionError("HTTPSConnection(host='google.serper.dev', port=443): Failed to resolve 'google.serper.dev' ([Errno 8] nodename nor servname provided, or not known)"))
2026-06-26 18:23:17,635 WARNING Serper request failed for "Elizabeth Tranchina" rush street site:linkedin.co: HTTPSConnectionPool(host='google.serper.dev', port=443): Max retries exceeded with url: /search (Caused by NameResolutionError("HTTPSConnection(host='google.serper.dev', port=443): Failed to resolve 'google.serper.dev' ([Errno 8] nodename nor servname provided, or not known)"))
2026-06-26 18:23:17,983 WARNING Serper request failed for "Brad Wagner" penn entertainment site:linkedin.com: HTTPSConnectionPool(host='google.serper.dev', port=443): Max retries exceeded with url: /search (Caused by NameResolutionError("HTTPSConnection(host='google.serper.dev', port=443): Failed to resolve 'google.serper.dev' ([Errno 8] nodename nor servname provided, or not known)"))
2026-06-26 18:23:19,270 WARNING Serper request failed for "Natalie Neu" mgm site:linkedin.com/in: HTTPSConnectionPool(host='google.serper.dev', port=443): Max retries exceeded with url: /search (Caused by NameResolutionError("HTTPSConnection(host='google.serper.dev', port=443): Failed to resolve 'google.serper.dev' ([Errno 8] nodename nor servname provided, or not known)"))
2026-06-26 18:23:19,516 WARNING Serper request failed for "Joseph Campbell" rush street site:linkedin.com/in: HTTPSConnectionPool(host='google.serper.dev', port=443): Max retries exceeded with url: /search (Caused by NameResolutionError("HTTPSConnection(host='google.serper.dev', port=443): Failed to resolve 'google.serper.dev' ([Errno 8] nodename nor servname provided, or not known)"))
2026-06-26 18:23:21,515 WARNING Serper request failed for "Laura Cox" rush street site:linkedin.com/in: HTTPSConnectionPool(host='google.serper.dev', port=443): Max retries exceeded with url: /search (Caused by NameResolutionError("HTTPSConnection(host='google.serper.dev', port=443): Failed to resolve 'google.serper.dev' ([Errno 8] nodename nor servname provided, or not known)"))
2026-06-26 18:23:22,413 WARNING Serper request failed for "Jason Heil" fico site:linkedin.com/in: HTTPSConnectionPool(host='google.serper.dev', port=443): Max retries exceeded with url: /search (Caused by NameResolutionError("HTTPSConnection(host='google.serper.dev', port=443): Failed to resolve 'google.serper.dev' ([Errno 8] nodename nor servname provided, or not known)"))
2026-06-26 18:23:23,479 WARNING Serper request failed for "Accertify Communications" accertify site:linkedin: HTTPSConnectionPool(host='google.serper.dev', port=443): Max retries exceeded with url: /search (Caused by NameResolutionError("HTTPSConnection(host='google.serper.dev', port=443): Failed to resolve 'google.serper.dev' ([Errno 8] nodename nor servname provided, or not known)"))
2026-06-26 18:23:24,355 WARNING Serper request failed for "Michael Chiovari" vauto site:linkedin.com/in: HTTPSConnectionPool(host='google.serper.dev', port=443): Max retries exceeded with url: /search (Caused by NameResolutionError("HTTPSConnection(host='google.serper.dev', port=443): Failed to resolve 'google.serper.dev' ([Errno 8] nodename nor servname provided, or not known)"))
2026-06-26 18:23:26,361 WARNING Serper request failed for "Alex Rosales" bouncer site:linkedin.com/in: HTTPSConnectionPool(host='google.serper.dev', port=443): Max retries exceeded with url: /search (Caused by NameResolutionError("HTTPSConnection(host='google.serper.dev', port=443): Failed to resolve 'google.serper.dev' ([Errno 8] nodename nor servname provided, or not known)"))
2026-06-26 18:23:27,170 WARNING Serper request failed for "George Shinn" sudrania site:linkedin.com/in: HTTPSConnectionPool(host='google.serper.dev', port=443): Max retries exceeded with url: /search (Caused by NameResolutionError("HTTPSConnection(host='google.serper.dev', port=443): Failed to resolve 'google.serper.dev' ([Errno 8] nodename nor servname provided, or not known)"))
2026-06-26 18:23:28,208 WARNING Serper request failed for "David Watson" financial site:linkedin.com/in: HTTPSConnectionPool(host='google.serper.dev', port=443): Max retries exceeded with url: /search (Caused by NameResolutionError("HTTPSConnection(host='google.serper.dev', port=443): Failed to resolve 'google.serper.dev' ([Errno 8] nodename nor servname provided, or not known)"))
2026-06-26 18:23:29,747 WARNING Serper request failed for "Evan Sutherland" apploi site:linkedin.com/in: HTTPSConnectionPool(host='google.serper.dev', port=443): Max retries exceeded with url: /search (Caused by NameResolutionError("HTTPSConnection(host='google.serper.dev', port=443): Failed to resolve 'google.serper.dev' ([Errno 8] nodename nor servname provided, or not known)"))
2026-06-26 18:23:30,740 WARNING Serper request failed for "David Devine" huron site:linkedin.com/in: HTTPSConnectionPool(host='google.serper.dev', port=443): Max retries exceeded with url: /search (Caused by NameResolutionError("HTTPSConnection(host='google.serper.dev', port=443): Failed to resolve 'google.serper.dev' ([Errno 8] nodename nor servname provided, or not known)"))
2026-06-26 18:23:32,212 WARNING Serper request failed for "Bobbie Paul" huron site:linkedin.com/in: HTTPSConnectionPool(host='google.serper.dev', port=443): Max retries exceeded with url: /search (Caused by NameResolutionError("HTTPSConnection(host='google.serper.dev', port=443): Failed to resolve 'google.serper.dev' ([Errno 8] nodename nor servname provided, or not known)"))
2026-06-26 18:23:33,241 WARNING Serper request failed for "Paula Burke" huron site:linkedin.com/in: HTTPSConnectionPool(host='google.serper.dev', port=443): Max retries exceeded with url: /search (Caused by NameResolutionError("HTTPSConnection(host='google.serper.dev', port=443): Failed to resolve 'google.serper.dev' ([Errno 8] nodename nor servname provided, or not known)"))
2026-06-26 18:23:33,794 WARNING Serper request failed for "Matthew Schmiemann" huron site:linkedin.com/in: HTTPSConnectionPool(host='google.serper.dev', port=443): Max retries exceeded with url: /search (Caused by NameResolutionError("HTTPSConnection(host='google.serper.dev', port=443): Failed to resolve 'google.serper.dev' ([Errno 8] nodename nor servname provided, or not known)"))
2026-06-26 18:23:35,189 WARNING Serper request failed for "Tom Kramm" huron site:linkedin.com/in: HTTPSConnectionPool(host='google.serper.dev', port=443): Max retries exceeded with url: /search (Caused by NameResolutionError("HTTPSConnection(host='google.serper.dev', port=443): Failed to resolve 'google.serper.dev' ([Errno 8] nodename nor servname provided, or not known)"))
2026-06-26 18:23:35,979 WARNING Serper request failed for "Galaxi Martin" sdi site:linkedin.com/in: HTTPSConnectionPool(host='google.serper.dev', port=443): Max retries exceeded with url: /search (Caused by NameResolutionError("HTTPSConnection(host='google.serper.dev', port=443): Failed to resolve 'google.serper.dev' ([Errno 8] nodename nor servname provided, or not known)"))
2026-06-26 18:23:37,613 WARNING Serper request failed for "Richard Arko" first site:linkedin.com/in: HTTPSConnectionPool(host='google.serper.dev', port=443): Max retries exceeded with url: /search (Caused by NameResolutionError("HTTPSConnection(host='google.serper.dev', port=443): Failed to resolve 'google.serper.dev' ([Errno 8] nodename nor servname provided, or not known)"))
2026-06-26 18:23:37,613 WARNING Serper request failed for "Umair Elahi" us medical site:linkedin.com/in: HTTPSConnectionPool(host='google.serper.dev', port=443): Max retries exceeded with url: /search (Caused by NameResolutionError("HTTPSConnection(host='google.serper.dev', port=443): Failed to resolve 'google.serper.dev' ([Errno 8] nodename nor servname provided, or not known)"))
2026-06-26 18:23:39,622 WARNING Serper request failed for "Jason Priebe" seyfarth site:linkedin.com/in: HTTPSConnectionPool(host='google.serper.dev', port=443): Max retries exceeded with url: /search (Caused by NameResolutionError("HTTPSConnection(host='google.serper.dev', port=443): Failed to resolve 'google.serper.dev' ([Errno 8] nodename nor servname provided, or not known)"))
2026-06-26 18:23:39,701 WARNING Serper request failed for "Chad Wolcott" rsm site:linkedin.com/in: HTTPSConnectionPool(host='google.serper.dev', port=443): Max retries exceeded with url: /search (Caused by NameResolutionError("HTTPSConnection(host='google.serper.dev', port=443): Failed to resolve 'google.serper.dev' ([Errno 8] nodename nor servname provided, or not known)"))
2026-06-26 18:23:41,306 WARNING Serper request failed for "Abe Geiger" soccer site:linkedin.com/in: HTTPSConnectionPool(host='google.serper.dev', port=443): Max retries exceeded with url: /search (Caused by NameResolutionError("HTTPSConnection(host='google.serper.dev', port=443): Failed to resolve 'google.serper.dev' ([Errno 8] nodename nor servname provided, or not known)"))
2026-06-26 18:23:41,338 WARNING Serper request failed for "Nick Themelis" october site:linkedin.com/in: HTTPSConnectionPool(host='google.serper.dev', port=443): Max retries exceeded with url: /search (Caused by NameResolutionError("HTTPSConnection(host='google.serper.dev', port=443): Failed to resolve 'google.serper.dev' ([Errno 8] nodename nor servname provided, or not known)"))
2026-06-26 18:23:42,947 WARNING Serper request failed for "Zachary Hazen" databricks site:linkedin.com/in: HTTPSConnectionPool(host='google.serper.dev', port=443): Max retries exceeded with url: /search (Caused by NameResolutionError("HTTPSConnection(host='google.serper.dev', port=443): Failed to resolve 'google.serper.dev' ([Errno 8] nodename nor servname provided, or not known)"))
2026-06-26 18:23:43,317 WARNING Serper request failed for "David Twomey" baker site:linkedin.com/in: HTTPSConnectionPool(host='google.serper.dev', port=443): Max retries exceeded with url: /search (Caused by NameResolutionError("HTTPSConnection(host='google.serper.dev', port=443): Failed to resolve 'google.serper.dev' ([Errno 8] nodename nor servname provided, or not known)"))
2026-06-26 18:23:45,064 WARNING Serper request failed for "Tom Carey" healthequity site:linkedin.com/in: HTTPSConnectionPool(host='google.serper.dev', port=443): Max retries exceeded with url: /search (Caused by NameResolutionError("HTTPSConnection(host='google.serper.dev', port=443): Failed to resolve 'google.serper.dev' ([Errno 8] nodename nor servname provided, or not known)"))
2026-06-26 18:23:46,015 WARNING Serper request failed for "Jennifer Blumenthal" onerecord site:linkedin.com/: HTTPSConnectionPool(host='google.serper.dev', port=443): Max retries exceeded with url: /search (Caused by NameResolutionError("HTTPSConnection(host='google.serper.dev', port=443): Failed to resolve 'google.serper.dev' ([Errno 8] nodename nor servname provided, or not known)"))
2026-06-26 18:23:47,611 WARNING Serper request failed for "Jennifer Jennifer" onerecord site:linkedin.com/in: HTTPSConnectionPool(host='google.serper.dev', port=443): Max retries exceeded with url: /search (Caused by NameResolutionError("HTTPSConnection(host='google.serper.dev', port=443): Failed to resolve 'google.serper.dev' ([Errno 8] nodename nor servname provided, or not known)"))
2026-06-26 18:23:47,834 WARNING Serper request failed for "Philip Haven" onerecord site:linkedin.com/in: HTTPSConnectionPool(host='google.serper.dev', port=443): Max retries exceeded with url: /search (Caused by NameResolutionError("HTTPSConnection(host='google.serper.dev', port=443): Failed to resolve 'google.serper.dev' ([Errno 8] nodename nor servname provided, or not known)"))
2026-06-26 18:23:49,433 WARNING Serper request failed for "Michael DeGuzman" huron site:linkedin.com/in: HTTPSConnectionPool(host='google.serper.dev', port=443): Max retries exceeded with url: /search (Caused by NameResolutionError("HTTPSConnection(host='google.serper.dev', port=443): Failed to resolve 'google.serper.dev' ([Errno 8] nodename nor servname provided, or not known)"))
2026-06-26 18:23:49,433 WARNING Serper request failed for "Julie Johnson" pwc site:linkedin.com/in: HTTPSConnectionPool(host='google.serper.dev', port=443): Max retries exceeded with url: /search (Caused by NameResolutionError("HTTPSConnection(host='google.serper.dev', port=443): Failed to resolve 'google.serper.dev' ([Errno 8] nodename nor servname provided, or not known)"))
2026-06-26 18:23:51,498 WARNING Serper request failed for "Matthew Foster" duck creek site:linkedin.com/in: HTTPSConnectionPool(host='google.serper.dev', port=443): Max retries exceeded with url: /search (Caused by NameResolutionError("HTTPSConnection(host='google.serper.dev', port=443): Failed to resolve 'google.serper.dev' ([Errno 8] nodename nor servname provided, or not known)"))
2026-06-26 18:23:51,691 WARNING Serper request failed for "Paul Robak" duck creek site:linkedin.com/in: HTTPSConnectionPool(host='google.serper.dev', port=443): Max retries exceeded with url: /search (Caused by NameResolutionError("HTTPSConnection(host='google.serper.dev', port=443): Failed to resolve 'google.serper.dev' ([Errno 8] nodename nor servname provided, or not known)"))
2026-06-26 18:23:53,443 WARNING Serper request failed for "Jeff Cole" onespan site:linkedin.com/in: HTTPSConnectionPool(host='google.serper.dev', port=443): Max retries exceeded with url: /search (Caused by NameResolutionError("HTTPSConnection(host='google.serper.dev', port=443): Failed to resolve 'google.serper.dev' ([Errno 8] nodename nor servname provided, or not known)"))
2026-06-26 18:23:54,918 WARNING Serper request failed for "Ajay Ejantkar" onespan site:linkedin.com/in: HTTPSConnectionPool(host='google.serper.dev', port=443): Max retries exceeded with url: /search (Caused by NameResolutionError("HTTPSConnection(host='google.serper.dev', port=443): Failed to resolve 'google.serper.dev' ([Errno 8] nodename nor servname provided, or not known)"))
2026-06-26 18:23:55,182 WARNING Serper request failed for "Debashis Pramanik" ondot site:linkedin.com/in: HTTPSConnectionPool(host='google.serper.dev', port=443): Max retries exceeded with url: /search (Caused by NameResolutionError("HTTPSConnection(host='google.serper.dev', port=443): Failed to resolve 'google.serper.dev' ([Errno 8] nodename nor servname provided, or not known)"))
2026-06-26 18:23:56,927 WARNING Serper request failed for "Jeff Cole" onespan site:linkedin.com/in: HTTPSConnectionPool(host='google.serper.dev', port=443): Max retries exceeded with url: /search (Caused by NameResolutionError("HTTPSConnection(host='google.serper.dev', port=443): Failed to resolve 'google.serper.dev' ([Errno 8] nodename nor servname provided, or not known)"))
2026-06-26 18:23:58,517 WARNING Serper request failed for "Jacqueline Block" cardlytics site:linkedin.com/in: HTTPSConnectionPool(host='google.serper.dev', port=443): Max retries exceeded with url: /search (Caused by NameResolutionError("HTTPSConnection(host='google.serper.dev', port=443): Failed to resolve 'google.serper.dev' ([Errno 8] nodename nor servname provided, or not known)"))
2026-06-26 18:24:00,145 WARNING Serper request failed for "Michael Kurlander" pagaya site:linkedin.com/in: HTTPSConnectionPool(host='google.serper.dev', port=443): Max retries exceeded with url: /search (Caused by NameResolutionError("HTTPSConnection(host='google.serper.dev', port=443): Failed to resolve 'google.serper.dev' ([Errno 8] nodename nor servname provided, or not known)"))
2026-06-26 18:24:00,573 WARNING search_people_with_filters HTTP 400: {"success":true,"status":200,"error":"Not found"}
2026-06-26 18:24:00,578 WARNING Serper request failed for "Jan Kees Van Gaalen" onespan site:linkedin.com/in: HTTPSConnectionPool(host='google.serper.dev', port=443): Max retries exceeded with url: /search (Caused by NameResolutionError("HTTPSConnection(host='google.serper.dev', port=443): Failed to resolve 'google.serper.dev' ([Errno 8] nodename nor servname provided, or not known)"))
2026-06-26 18:24:01,474 WARNING search_people_with_filters HTTP 400: {"success":true,"status":200,"error":"Not found"}
2026-06-26 18:24:01,480 WARNING Serper request failed for "Tom Aurelio" onespan site:linkedin.com/in: HTTPSConnectionPool(host='google.serper.dev', port=443): Max retries exceeded with url: /search (Caused by NameResolutionError("HTTPSConnection(host='google.serper.dev', port=443): Failed to resolve 'google.serper.dev' ([Errno 8] nodename nor servname provided, or not known)"))
2026-06-26 18:24:05,409 WARNING Serper request failed for "Joe Maxa" onespan site:linkedin.com/in: HTTPSConnectionPool(host='google.serper.dev', port=443): Max retries exceeded with url: /search (Caused by NameResolutionError("HTTPSConnection(host='google.serper.dev', port=443): Failed to resolve 'google.serper.dev' ([Errno 8] nodename nor servname provided, or not known)"))
2026-06-26 18:24:07,183 WARNING Serper request failed for "Giovanni Verhaeghe" onespan site:linkedin.com/in: HTTPSConnectionPool(host='google.serper.dev', port=443): Max retries exceeded with url: /search (Caused by NameResolutionError("HTTPSConnection(host='google.serper.dev', port=443): Failed to resolve 'google.serper.dev' ([Errno 8] nodename nor servname provided, or not known)"))
2026-06-26 18:24:08,290 WARNING Serper request failed for "Chris Koehnecke" kpmg site:linkedin.com/in: HTTPSConnectionPool(host='google.serper.dev', port=443): Max retries exceeded with url: /search (Caused by NameResolutionError("HTTPSConnection(host='google.serper.dev', port=443): Failed to resolve 'google.serper.dev' ([Errno 8] nodename nor servname provided, or not known)"))
2026-06-26 18:24:08,851 WARNING Serper request failed for "Clay Ullrick" cdw government site:linkedin.com/in: HTTPSConnectionPool(host='google.serper.dev', port=443): Max retries exceeded with url: /search (Caused by NameResolutionError("HTTPSConnection(host='google.serper.dev', port=443): Failed to resolve 'google.serper.dev' ([Errno 8] nodename nor servname provided, or not known)"))
2026-06-26 18:24:10,482 WARNING Serper request failed for "Shea Hart" cdw government site:linkedin.com/in: HTTPSConnectionPool(host='google.serper.dev', port=443): Max retries exceeded with url: /search (Caused by NameResolutionError("HTTPSConnection(host='google.serper.dev', port=443): Failed to resolve 'google.serper.dev' ([Errno 8] nodename nor servname provided, or not known)"))
2026-06-26 18:24:11,828 WARNING Serper request failed for "Jae Chung" fenergo site:linkedin.com/in: HTTPSConnectionPool(host='google.serper.dev', port=443): Max retries exceeded with url: /search (Caused by NameResolutionError("HTTPSConnection(host='google.serper.dev', port=443): Failed to resolve 'google.serper.dev' ([Errno 8] nodename nor servname provided, or not known)"))
2026-06-26 18:24:12,125 WARNING Serper request failed for "Matt Blumenfeld" pwc site:linkedin.com/in: HTTPSConnectionPool(host='google.serper.dev', port=443): Max retries exceeded with url: /search (Caused by NameResolutionError("HTTPSConnection(host='google.serper.dev', port=443): Failed to resolve 'google.serper.dev' ([Errno 8] nodename nor servname provided, or not known)"))
2026-06-26 18:24:13,572 WARNING Serper request failed for "Laura Shoults" pwc site:linkedin.com/in: HTTPSConnectionPool(host='google.serper.dev', port=443): Max retries exceeded with url: /search (Caused by NameResolutionError("HTTPSConnection(host='google.serper.dev', port=443): Failed to resolve 'google.serper.dev' ([Errno 8] nodename nor servname provided, or not known)"))
2026-06-26 18:24:15,050 WARNING Serper request failed for "Randy Ruiz" accertify site:linkedin.com/in: HTTPSConnectionPool(host='google.serper.dev', port=443): Max retries exceeded with url: /search (Caused by NameResolutionError("HTTPSConnection(host='google.serper.dev', port=443): Failed to resolve 'google.serper.dev' ([Errno 8] nodename nor servname provided, or not known)"))
2026-06-26 18:24:16,472 WARNING Serper request failed for "Phil Hausken" huron site:linkedin.com/in: HTTPSConnectionPool(host='google.serper.dev', port=443): Max retries exceeded with url: /search (Caused by NameResolutionError("HTTPSConnection(host='google.serper.dev', port=443): Failed to resolve 'google.serper.dev' ([Errno 8] nodename nor servname provided, or not known)"))
2026-06-26 18:24:17,587 WARNING Serper request failed for "Bryan Whitney" accertify site:linkedin.com/in: HTTPSConnectionPool(host='google.serper.dev', port=443): Max retries exceeded with url: /search (Caused by NameResolutionError("HTTPSConnection(host='google.serper.dev', port=443): Failed to resolve 'google.serper.dev' ([Errno 8] nodename nor servname provided, or not known)"))
2026-06-26 18:24:19,055 WARNING Serper request failed for "Mark Michelon" accertify site:linkedin.com/in: HTTPSConnectionPool(host='google.serper.dev', port=443): Max retries exceeded with url: /search (Caused by NameResolutionError("HTTPSConnection(host='google.serper.dev', port=443): Failed to resolve 'google.serper.dev' ([Errno 8] nodename nor servname provided, or not known)"))
2026-06-26 18:24:20,634 WARNING Serper request failed for "Marc Hebbard" accertify site:linkedin.com/in: HTTPSConnectionPool(host='google.serper.dev', port=443): Max retries exceeded with url: /search (Caused by NameResolutionError("HTTPSConnection(host='google.serper.dev', port=443): Failed to resolve 'google.serper.dev' ([Errno 8] nodename nor servname provided, or not known)"))
2026-06-26 18:24:32,082 INFO [chicago_fast] 3000/5449 done — found=2348 low_conf=0 no_match=624 invalid=28 rapidapi=150
2026-06-26 18:25:02,328 WARNING search_people_with_filters HTTP 400: {"success":true,"status":200,"error":"Not found"}
2026-06-26 18:26:04,859 INFO [chicago_fast] 3100/5449 done — found=2427 low_conf=0 no_match=645 invalid=28 rapidapi=158
2026-06-26 18:27:34,368 INFO [chicago_fast] 3200/5449 done — found=2506 low_conf=0 no_match=665 invalid=29 rapidapi=170
2026-06-26 18:28:00,930 WARNING search_people_with_filters HTTP 400: {"success":true,"status":200,"error":"Not found"}
2026-06-26 18:29:09,265 INFO [chicago_fast] 3300/5449 done — found=2576 low_conf=0 no_match=694 invalid=30 rapidapi=173
2026-06-26 18:30:36,288 INFO [chicago_fast] 3400/5449 done — found=2648 low_conf=0 no_match=721 invalid=31 rapidapi=175
2026-06-26 18:31:55,489 INFO [chicago_fast] 3500/5449 done — found=2728 low_conf=0 no_match=741 invalid=31 rapidapi=179
2026-06-26 18:32:00,885 WARNING search_people_with_filters HTTP 400: {"success":true,"status":200,"error":"Not found"}
2026-06-26 18:33:10,015 INFO [chicago_fast] 3600/5449 done — found=2812 low_conf=0 no_match=757 invalid=31 rapidapi=184
2026-06-26 18:34:05,754 WARNING search_people_with_filters HTTP 400: {"success":true,"status":200,"error":"Not found"}
2026-06-26 18:34:06,873 WARNING search_people_with_filters HTTP 400: {"success":true,"status":200,"error":"Not found"}
2026-06-26 18:34:09,317 WARNING search_people_with_filters HTTP 400: {"success":true,"status":200,"error":"Not found"}
2026-06-26 18:34:14,951 WARNING search_people_with_filters HTTP 400: {"success":true,"status":200,"error":"Not found"}
2026-06-26 18:34:17,276 WARNING search_people_with_filters HTTP 400: {"success":true,"status":200,"error":"Not found"}
2026-06-26 18:34:18,753 WARNING search_people_with_filters HTTP 400: {"success":true,"status":200,"error":"Not found"}
2026-06-26 18:34:24,301 WARNING search_people_with_filters HTTP 400: {"success":true,"status":200,"error":"Not found"}
2026-06-26 18:34:25,652 WARNING search_people_with_filters HTTP 400: {"success":true,"status":200,"error":"Not found"}
2026-06-26 18:34:26,821 WARNING search_people_with_filters HTTP 400: {"success":true,"status":200,"error":"Not found"}
2026-06-26 18:34:28,711 WARNING search_people_with_filters HTTP 400: {"success":true,"status":200,"error":"Not found"}
2026-06-26 18:34:31,059 INFO [chicago_fast] 3700/5449 done — found=2886 low_conf=0 no_match=781 invalid=33 rapidapi=187
2026-06-26 18:34:34,985 WARNING search_people_with_filters HTTP 400: {"success":true,"status":200,"error":"Not found"}
2026-06-26 18:34:45,782 WARNING search_people_with_filters HTTP 400: {"success":true,"status":200,"error":"Not found"}
2026-06-26 18:34:46,647 WARNING search_people_with_filters HTTP 400: {"success":true,"status":200,"error":"Not found"}
2026-06-26 18:34:53,103 WARNING search_people_with_filters HTTP 400: {"success":true,"status":200,"error":"Not found"}
2026-06-26 18:35:00,032 WARNING search_people_with_filters HTTP 400: {"success":true,"status":200,"error":"Not found"}
2026-06-26 18:35:54,969 INFO [chicago_fast] 3800/5449 done — found=2966 low_conf=0 no_match=801 invalid=33 rapidapi=190
2026-06-26 18:36:00,627 WARNING search_people_with_filters HTTP 400: {"success":true,"status":200,"error":"Not found"}
2026-06-26 18:37:17,758 INFO [chicago_fast] 3900/5449 done — found=3044 low_conf=0 no_match=823 invalid=33 rapidapi=194
2026-06-26 18:38:36,907 INFO [chicago_fast] 4000/5449 done — found=3125 low_conf=0 no_match=842 invalid=33 rapidapi=197
2026-06-26 18:39:58,675 INFO [chicago_fast] 4100/5449 done — found=3201 low_conf=0 no_match=866 invalid=33 rapidapi=199
2026-06-26 18:41:30,336 INFO [chicago_fast] 4200/5449 done — found=3274 low_conf=0 no_match=893 invalid=33 rapidapi=200
2026-06-26 18:43:12,952 INFO [chicago_fast] 4300/5449 done — found=3334 low_conf=0 no_match=930 invalid=36 rapidapi=202
2026-06-26 18:44:01,923 WARNING search_people_with_filters HTTP 400: {"success":true,"status":200,"error":"Not found"}
2026-06-26 18:44:19,177 INFO [chicago_fast] 4400/5449 done — found=3425 low_conf=0 no_match=936 invalid=39 rapidapi=204
2026-06-26 18:45:19,687 INFO [chicago_fast] 4500/5449 done — found=3520 low_conf=0 no_match=941 invalid=39 rapidapi=204
2026-06-26 18:46:34,393 INFO [chicago_fast] 4600/5449 done — found=3606 low_conf=0 no_match=955 invalid=39 rapidapi=205
2026-06-26 18:47:44,338 INFO [chicago_fast] 4700/5449 done — found=3697 low_conf=0 no_match=964 invalid=39 rapidapi=207
2026-06-26 18:48:49,739 INFO [chicago_fast] 4800/5449 done — found=3790 low_conf=0 no_match=971 invalid=39 rapidapi=207
2026-06-26 18:49:58,187 INFO [chicago_fast] 4900/5449 done — found=3880 low_conf=0 no_match=981 invalid=39 rapidapi=210
2026-06-26 18:51:02,926 INFO [chicago_fast] 5000/5449 done — found=3972 low_conf=0 no_match=989 invalid=39 rapidapi=210
2026-06-26 18:52:27,212 INFO [chicago_fast] 5100/5449 done — found=4045 low_conf=0 no_match=1016 invalid=39 rapidapi=211
2026-06-26 18:53:55,768 INFO [chicago_fast] 5200/5449 done — found=4125 low_conf=0 no_match=1036 invalid=39 rapidapi=219
2026-06-26 18:55:02,881 WARNING search_people_with_filters HTTP 400: {"success":true,"status":200,"error":"Not found"}
2026-06-26 18:55:25,827 INFO [chicago_fast] 5300/5449 done — found=4200 low_conf=0 no_match=1061 invalid=39 rapidapi=225
2026-06-26 18:55:38,991 WARNING search_people_with_filters HTTP 400: {"success":true,"status":200,"error":"Not found"}
2026-06-26 18:56:40,692 INFO [chicago_fast] 5400/5449 done — found=4287 low_conf=0 no_match=1072 invalid=41 rapidapi=232
2026-06-26 18:56:45,228 WARNING search_people_with_filters HTTP 400: {"success":true,"status":200,"error":"Not found"}
2026-06-26 18:57:16,356 INFO [chicago_fast] 5449/5449 done — found=4315 low_conf=0 no_match=1085 invalid=49 rapidapi=232
2026-06-26 18:57:16,362 INFO Finished chicago_fast -> /Users/manikaransingh/linkedin-tenure-weekly/ashutosh/data/person_linkedin/chicago_fast_20260626_174221.csv (5449 rows, 4315 with URLs)
2026-06-26 18:57:16,367 INFO Batch atlanta_fast: 3539 rows, workers=2, starting at 0/3539 -> /Users/manikaransingh/linkedin-tenure-weekly/ashutosh/data/person_linkedin/atlanta_fast_20260626_185716.csv
2026-06-26 18:58:27,497 INFO [atlanta_fast] 100/3539 done — found=74 low_conf=0 no_match=20 invalid=6 rapidapi=2
2026-06-26 18:59:47,755 INFO [atlanta_fast] 200/3539 done — found=155 low_conf=0 no_match=37 invalid=8 rapidapi=4
2026-06-26 18:59:52,680 WARNING search_people_with_filters HTTP 400: {"success":true,"status":200,"error":"Not found"}
2026-06-26 19:00:33,722 WARNING search_people_with_filters HTTP 400: {"success":true,"status":200,"error":"Not found"}
2026-06-26 19:00:33,982 WARNING search_people_with_filters HTTP 400: {"success":true,"status":200,"error":"Not found"}
2026-06-26 19:00:36,897 WARNING search_people_with_filters HTTP 400: {"success":true,"status":200,"error":"Not found"}
2026-06-26 19:00:39,449 WARNING search_people_with_filters HTTP 400: {"success":true,"status":200,"error":"Not found"}
2026-06-26 19:00:45,604 WARNING search_people_with_filters HTTP 400: {"success":true,"status":200,"error":"Not found"}
2026-06-26 19:00:50,580 WARNING search_people_with_filters HTTP 400: {"success":true,"status":200,"error":"Not found"}
2026-06-26 19:00:53,422 WARNING search_people_with_filters HTTP 400: {"success":true,"status":200,"error":"Not found"}
2026-06-26 19:00:55,385 INFO [atlanta_fast] 300/3539 done — found=242 low_conf=0 no_match=50 invalid=8 rapidapi=4
2026-06-26 19:01:11,940 WARNING search_people_with_filters HTTP 400: {"success":true,"status":200,"error":"Not found"}
2026-06-26 19:01:14,140 WARNING search_people_with_filters HTTP 400: {"success":true,"status":200,"error":"Not found"}
2026-06-26 19:01:14,379 WARNING search_people_with_filters HTTP 400: {"success":true,"status":200,"error":"Not found"}
2026-06-26 19:01:17,563 WARNING search_people_with_filters HTTP 400: {"success":true,"status":200,"error":"Not found"}
2026-06-26 19:01:18,209 WARNING search_people_with_filters HTTP 400: {"success":true,"status":200,"error":"Not found"}
2026-06-26 19:02:05,841 INFO [atlanta_fast] 400/3539 done — found=325 low_conf=0 no_match=67 invalid=8 rapidapi=4
2026-06-26 19:02:38,286 WARNING search_people_with_filters HTTP 400: {"success":true,"status":200,"error":"Not found"}
2026-06-26 19:03:31,112 INFO [atlanta_fast] 500/3539 done — found=395 low_conf=0 no_match=92 invalid=13 rapidapi=10
2026-06-26 19:05:02,826 INFO [atlanta_fast] 600/3539 done — found=468 low_conf=0 no_match=119 invalid=13 rapidapi=14
2026-06-26 19:06:17,898 INFO [atlanta_fast] 700/3539 done — found=549 low_conf=0 no_match=138 invalid=13 rapidapi=16
2026-06-26 19:07:58,108 INFO [atlanta_fast] 800/3539 done — found=613 low_conf=0 no_match=174 invalid=13 rapidapi=18
2026-06-26 19:09:21,559 INFO [atlanta_fast] 900/3539 done — found=691 low_conf=0 no_match=196 invalid=13 rapidapi=20
2026-06-26 19:10:35,923 INFO [atlanta_fast] 1000/3539 done — found=769 low_conf=0 no_match=218 invalid=13 rapidapi=20
2026-06-26 19:11:52,351 INFO [atlanta_fast] 1100/3539 done — found=847 low_conf=0 no_match=240 invalid=13 rapidapi=21
2026-06-26 19:12:00,707 WARNING search_people_with_filters HTTP 400: {"success":true,"status":200,"error":"Not found"}
2026-06-26 19:13:17,031 INFO [atlanta_fast] 1200/3539 done — found=922 low_conf=0 no_match=265 invalid=13 rapidapi=26
2026-06-26 19:14:43,662 INFO [atlanta_fast] 1300/3539 done — found=993 low_conf=0 no_match=294 invalid=13 rapidapi=27
2026-06-26 19:15:41,386 WARNING Serper request failed for "Shawn Turner-Richard" ingo money site:linkedin.co: HTTPSConnectionPool(host='google.serper.dev', port=443): Max retries exceeded with url: /search (Caused by NameResolutionError("HTTPSConnection(host='google.serper.dev', port=443): Failed to resolve 'google.serper.dev' ([Errno 8] nodename nor servname provided, or not known)"))
2026-06-26 19:15:43,181 WARNING Serper request failed for "Lance B" ingo money site:linkedin.com/in: HTTPSConnectionPool(host='google.serper.dev', port=443): Max retries exceeded with url: /search (Caused by NameResolutionError("HTTPSConnection(host='google.serper.dev', port=443): Failed to resolve 'google.serper.dev' ([Errno 8] nodename nor servname provided, or not known)"))
2026-06-26 19:15:43,183 WARNING Serper request failed for "Lance B" ingo money site:linkedin.com/in: HTTPSConnectionPool(host='google.serper.dev', port=443): Max retries exceeded with url: /search (Caused by NameResolutionError("HTTPSConnection(host='google.serper.dev', port=443): Failed to resolve 'google.serper.dev' ([Errno 8] nodename nor servname provided, or not known)"))
2026-06-26 19:15:43,185 WARNING Serper request failed for "Niharika Bandhakavi" ingo money site:linkedin.com: HTTPSConnectionPool(host='google.serper.dev', port=443): Max retries exceeded with url: /search (Caused by NameResolutionError("HTTPSConnection(host='google.serper.dev', port=443): Failed to resolve 'google.serper.dev' ([Errno 8] nodename nor servname provided, or not known)"))
2026-06-26 19:15:43,626 WARNING Serper request failed for "Leigh O'Neill" ingo money site:linkedin.com/in: HTTPSConnectionPool(host='google.serper.dev', port=443): Max retries exceeded with url: /search (Caused by NameResolutionError("HTTPSConnection(host='google.serper.dev', port=443): Failed to resolve 'google.serper.dev' ([Errno 8] nodename nor servname provided, or not known)"))
2026-06-26 19:15:44,758 WARNING Serper request failed for "Jordan Jahns" ingo money site:linkedin.com/in: HTTPSConnectionPool(host='google.serper.dev', port=443): Max retries exceeded with url: /search (Caused by NameResolutionError("HTTPSConnection(host='google.serper.dev', port=443): Failed to resolve 'google.serper.dev' ([Errno 8] nodename nor servname provided, or not known)"))
2026-06-26 19:15:45,891 WARNING Serper request failed for "Beth Fix" ingo money site:linkedin.com/in: HTTPSConnectionPool(host='google.serper.dev', port=443): Max retries exceeded with url: /search (Caused by NameResolutionError("HTTPSConnection(host='google.serper.dev', port=443): Failed to resolve 'google.serper.dev' ([Errno 8] nodename nor servname provided, or not known)"))
2026-06-26 19:15:48,806 WARNING Serper request failed for "Andre Rodriguez" 1debit site:linkedin.com/in: HTTPSConnectionPool(host='google.serper.dev', port=443): Max retries exceeded with url: /search (Caused by NameResolutionError("HTTPSConnection(host='google.serper.dev', port=443): Failed to resolve 'google.serper.dev' ([Errno 8] nodename nor servname provided, or not known)"))
2026-06-26 19:15:49,763 WARNING Serper request failed for "James Eustice" intuit site:linkedin.com/in: HTTPSConnectionPool(host='google.serper.dev', port=443): Max retries exceeded with url: /search (Caused by NameResolutionError("HTTPSConnection(host='google.serper.dev', port=443): Failed to resolve 'google.serper.dev' ([Errno 8] nodename nor servname provided, or not known)"))
2026-06-26 19:15:50,537 WARNING search_people_with_filters HTTP 400: {"success":true,"status":200,"error":"Not found"}
2026-06-26 19:15:50,544 WARNING Serper request failed for "Daniel McClendon" intuit site:linkedin.com/in: HTTPSConnectionPool(host='google.serper.dev', port=443): Max retries exceeded with url: /search (Caused by NameResolutionError("HTTPSConnection(host='google.serper.dev', port=443): Failed to resolve 'google.serper.dev' ([Errno 8] nodename nor servname provided, or not known)"))
2026-06-26 19:15:51,143 WARNING Serper request failed for "Jon Fasoli" intuit site:linkedin.com/in: HTTPSConnectionPool(host='google.serper.dev', port=443): Max retries exceeded with url: /search (Caused by NameResolutionError("HTTPSConnection(host='google.serper.dev', port=443): Failed to resolve 'google.serper.dev' ([Errno 8] nodename nor servname provided, or not known)"))
2026-06-26 19:15:52,684 WARNING Serper request failed for "Sandra Chastain" ingo money site:linkedin.com/in: HTTPSConnectionPool(host='google.serper.dev', port=443): Max retries exceeded with url: /search (Caused by NameResolutionError("HTTPSConnection(host='google.serper.dev', port=443): Failed to resolve 'google.serper.dev' ([Errno 8] nodename nor servname provided, or not known)"))
2026-06-26 19:15:52,948 WARNING Serper request failed for "Shalyn Knox" ingo money site:linkedin.com/in: HTTPSConnectionPool(host='google.serper.dev', port=443): Max retries exceeded with url: /search (Caused by NameResolutionError("HTTPSConnection(host='google.serper.dev', port=443): Failed to resolve 'google.serper.dev' ([Errno 8] nodename nor servname provided, or not known)"))
2026-06-26 19:15:54,357 WARNING Serper request failed for "Lydia Inboden" ingo money site:linkedin.com/in: HTTPSConnectionPool(host='google.serper.dev', port=443): Max retries exceeded with url: /search (Caused by NameResolutionError("HTTPSConnection(host='google.serper.dev', port=443): Failed to resolve 'google.serper.dev' ([Errno 8] nodename nor servname provided, or not known)"))
2026-06-26 19:15:54,919 WARNING Serper request failed for "Dario Orlando" ingo money site:linkedin.com/in: HTTPSConnectionPool(host='google.serper.dev', port=443): Max retries exceeded with url: /search (Caused by NameResolutionError("HTTPSConnection(host='google.serper.dev', port=443): Failed to resolve 'google.serper.dev' ([Errno 8] nodename nor servname provided, or not known)"))
2026-06-26 19:15:55,816 WARNING Serper request failed for "Shyam M." moneylion site:linkedin.com/in: HTTPSConnectionPool(host='google.serper.dev', port=443): Max retries exceeded with url: /search (Caused by NameResolutionError("HTTPSConnection(host='google.serper.dev', port=443): Failed to resolve 'google.serper.dev' ([Errno 8] nodename nor servname provided, or not known)"))
2026-06-26 19:15:55,818 WARNING Serper request failed for "Evy Natan" ingo money site:linkedin.com/in: HTTPSConnectionPool(host='google.serper.dev', port=443): Max retries exceeded with url: /search (Caused by NameResolutionError("HTTPSConnection(host='google.serper.dev', port=443): Failed to resolve 'google.serper.dev' ([Errno 8] nodename nor servname provided, or not known)"))
2026-06-26 19:15:56,309 WARNING Serper request failed for "Laura Pearce" ingo money site:linkedin.com/in: HTTPSConnectionPool(host='google.serper.dev', port=443): Max retries exceeded with url: /search (Caused by NameResolutionError("HTTPSConnection(host='google.serper.dev', port=443): Failed to resolve 'google.serper.dev' ([Errno 8] nodename nor servname provided, or not known)"))
2026-06-26 19:15:57,669 WARNING Serper request failed for "Drew Frank" ingo money site:linkedin.com/in: HTTPSConnectionPool(host='google.serper.dev', port=443): Max retries exceeded with url: /search (Caused by NameResolutionError("HTTPSConnection(host='google.serper.dev', port=443): Failed to resolve 'google.serper.dev' ([Errno 8] nodename nor servname provided, or not known)"))
2026-06-26 19:15:58,074 WARNING Serper request failed for "Myla Irwin" ingo money site:linkedin.com/in: HTTPSConnectionPool(host='google.serper.dev', port=443): Max retries exceeded with url: /search (Caused by NameResolutionError("HTTPSConnection(host='google.serper.dev', port=443): Failed to resolve 'google.serper.dev' ([Errno 8] nodename nor servname provided, or not known)"))
2026-06-26 19:15:59,382 WARNING Serper request failed for "Caroline Philpott" ingo money site:linkedin.com/i: HTTPSConnectionPool(host='google.serper.dev', port=443): Max retries exceeded with url: /search (Caused by NameResolutionError("HTTPSConnection(host='google.serper.dev', port=443): Failed to resolve 'google.serper.dev' ([Errno 8] nodename nor servname provided, or not known)"))
2026-06-26 19:15:59,425 WARNING Serper request failed for "Jessica Jolicoeur" ingo money site:linkedin.com/i: HTTPSConnectionPool(host='google.serper.dev', port=443): Max retries exceeded with url: /search (Caused by NameResolutionError("HTTPSConnection(host='google.serper.dev', port=443): Failed to resolve 'google.serper.dev' ([Errno 8] nodename nor servname provided, or not known)"))
2026-06-26 19:16:00,795 WARNING Serper request failed for "Negbe Orbisi" 1debit site:linkedin.com/in: HTTPSConnectionPool(host='google.serper.dev', port=443): Max retries exceeded with url: /search (Caused by NameResolutionError("HTTPSConnection(host='google.serper.dev', port=443): Failed to resolve 'google.serper.dev' ([Errno 8] nodename nor servname provided, or not known)"))
2026-06-26 19:16:02,532 WARNING search_people_with_filters HTTP 400: {"success":true,"status":200,"error":"Not found"}
2026-06-26 19:16:02,551 INFO [atlanta_fast] 1400/3539 done — found=1042 low_conf=0 no_match=338 invalid=20 rapidapi=29
2026-06-26 19:16:02,555 WARNING Serper request failed for "Rusty Pickering" ingo money site:linkedin.com/in: HTTPSConnectionPool(host='google.serper.dev', port=443): Max retries exceeded with url: /search (Caused by NameResolutionError("HTTPSConnection(host='google.serper.dev', port=443): Failed to resolve 'google.serper.dev' ([Errno 8] nodename nor servname provided, or not known)"))
2026-06-26 19:16:02,555 WARNING Serper request failed for "Andrew Edwards" ingo money site:linkedin.com/in: HTTPSConnectionPool(host='google.serper.dev', port=443): Max retries exceeded with url: /search (Caused by NameResolutionError("HTTPSConnection(host='google.serper.dev', port=443): Failed to resolve 'google.serper.dev' ([Errno 8] nodename nor servname provided, or not known)"))
2026-06-26 19:16:03,979 WARNING Serper request failed for "Jon Gaskell" ingo money site:linkedin.com/in: HTTPSConnectionPool(host='google.serper.dev', port=443): Max retries exceeded with url: /search (Caused by NameResolutionError("HTTPSConnection(host='google.serper.dev', port=443): Failed to resolve 'google.serper.dev' ([Errno 8] nodename nor servname provided, or not known)"))
2026-06-26 19:16:04,261 WARNING Serper request failed for "Grant Smith" block site:linkedin.com/in: HTTPSConnectionPool(host='google.serper.dev', port=443): Max retries exceeded with url: /search (Caused by NameResolutionError("HTTPSConnection(host='google.serper.dev', port=443): Failed to resolve 'google.serper.dev' ([Errno 8] nodename nor servname provided, or not known)"))
2026-06-26 19:16:06,086 WARNING Serper request failed for "Bhushan Thakar" home depot site:linkedin.com/in: HTTPSConnectionPool(host='google.serper.dev', port=443): Max retries exceeded with url: /search (Caused by NameResolutionError("HTTPSConnection(host='google.serper.dev', port=443): Failed to resolve 'google.serper.dev' ([Errno 8] nodename nor servname provided, or not known)"))
2026-06-26 19:16:08,518 WARNING Serper request failed for "Stephanie Gordon" home depot site:linkedin.com/in: HTTPSConnectionPool(host='google.serper.dev', port=443): Max retries exceeded with url: /search (Caused by NameResolutionError("HTTPSConnection(host='google.serper.dev', port=443): Failed to resolve 'google.serper.dev' ([Errno 8] nodename nor servname provided, or not known)"))
2026-06-26 19:16:09,022 WARNING Serper request failed for "Jd Sammons" home depot site:linkedin.com/in: HTTPSConnectionPool(host='google.serper.dev', port=443): Max retries exceeded with url: /search (Caused by NameResolutionError("HTTPSConnection(host='google.serper.dev', port=443): Failed to resolve 'google.serper.dev' ([Errno 8] nodename nor servname provided, or not known)"))
2026-06-26 19:16:10,982 WARNING Serper request failed for "Justin Damiano" home depot site:linkedin.com/in: HTTPSConnectionPool(host='google.serper.dev', port=443): Max retries exceeded with url: /search (Caused by NameResolutionError("HTTPSConnection(host='google.serper.dev', port=443): Failed to resolve 'google.serper.dev' ([Errno 8] nodename nor servname provided, or not known)"))
2026-06-26 19:16:12,306 WARNING Serper request failed for "Franklin Clackum" home depot site:linkedin.com/in: HTTPSConnectionPool(host='google.serper.dev', port=443): Max retries exceeded with url: /search (Caused by NameResolutionError("HTTPSConnection(host='google.serper.dev', port=443): Failed to resolve 'google.serper.dev' ([Errno 8] nodename nor servname provided, or not known)"))
2026-06-26 19:16:12,331 WARNING Serper request failed for "Reilly Upton" home depot site:linkedin.com/in: HTTPSConnectionPool(host='google.serper.dev', port=443): Max retries exceeded with url: /search (Caused by NameResolutionError("HTTPSConnection(host='google.serper.dev', port=443): Failed to resolve 'google.serper.dev' ([Errno 8] nodename nor servname provided, or not known)"))
2026-06-26 19:16:13,721 WARNING Serper request failed for "James Dorris" home depot site:linkedin.com/in: HTTPSConnectionPool(host='google.serper.dev', port=443): Max retries exceeded with url: /search (Caused by NameResolutionError("HTTPSConnection(host='google.serper.dev', port=443): Failed to resolve 'google.serper.dev' ([Errno 8] nodename nor servname provided, or not known)"))
2026-06-26 19:16:14,305 WARNING Serper request failed for "David Abney" united site:linkedin.com/in: HTTPSConnectionPool(host='google.serper.dev', port=443): Max retries exceeded with url: /search (Caused by NameResolutionError("HTTPSConnection(host='google.serper.dev', port=443): Failed to resolve 'google.serper.dev' ([Errno 8] nodename nor servname provided, or not known)"))
2026-06-26 19:16:15,113 WARNING Serper request failed for "Hathaway Jones" united site:linkedin.com/in: HTTPSConnectionPool(host='google.serper.dev', port=443): Max retries exceeded with url: /search (Caused by NameResolutionError("HTTPSConnection(host='google.serper.dev', port=443): Failed to resolve 'google.serper.dev' ([Errno 8] nodename nor servname provided, or not known)"))
2026-06-26 19:16:16,992 WARNING search_people_with_filters HTTP 400: {"success":true,"status":200,"error":"Not found"}
2026-06-26 19:16:16,999 WARNING Serper request failed for "Rohit Panchal" united site:linkedin.com/in: HTTPSConnectionPool(host='google.serper.dev', port=443): Max retries exceeded with url: /search (Caused by NameResolutionError("HTTPSConnection(host='google.serper.dev', port=443): Failed to resolve 'google.serper.dev' ([Errno 8] nodename nor servname provided, or not known)"))
2026-06-26 19:16:17,186 WARNING search_people_with_filters HTTP 400: {"success":true,"status":200,"error":"Not found"}
2026-06-26 19:16:17,191 WARNING Serper request failed for "Dana Nino" united site:linkedin.com/in: HTTPSConnectionPool(host='google.serper.dev', port=443): Max retries exceeded with url: /search (Caused by NameResolutionError("HTTPSConnection(host='google.serper.dev', port=443): Failed to resolve 'google.serper.dev' ([Errno 8] nodename nor servname provided, or not known)"))
2026-06-26 19:16:18,642 WARNING search_people_with_filters HTTP 400: {"success":true,"status":200,"error":"Not found"}
2026-06-26 19:16:18,649 WARNING Serper request failed for "Shalin Shah" united site:linkedin.com/in: HTTPSConnectionPool(host='google.serper.dev', port=443): Max retries exceeded with url: /search (Caused by NameResolutionError("HTTPSConnection(host='google.serper.dev', port=443): Failed to resolve 'google.serper.dev' ([Errno 8] nodename nor servname provided, or not known)"))
2026-06-26 19:16:21,441 WARNING search_people_with_filters HTTP 400: {"success":true,"status":200,"error":"Not found"}
2026-06-26 19:16:21,446 WARNING Serper request failed for "Dong Ouyang" best buy site:linkedin.com/in: HTTPSConnectionPool(host='google.serper.dev', port=443): Max retries exceeded with url: /search (Caused by NameResolutionError("HTTPSConnection(host='google.serper.dev', port=443): Failed to resolve 'google.serper.dev' ([Errno 8] nodename nor servname provided, or not known)"))
2026-06-26 19:16:23,041 WARNING search_people_with_filters HTTP 400: {"success":true,"status":200,"error":"Not found"}
2026-06-26 19:16:23,046 WARNING Serper request failed for "Jesse Erdal" home depot site:linkedin.com/in: HTTPSConnectionPool(host='google.serper.dev', port=443): Max retries exceeded with url: /search (Caused by NameResolutionError("HTTPSConnection(host='google.serper.dev', port=443): Failed to resolve 'google.serper.dev' ([Errno 8] nodename nor servname provided, or not known)"))
2026-06-26 19:16:23,387 WARNING Serper request failed for "Bethany Hatcher" home depot site:linkedin.com/in: HTTPSConnectionPool(host='google.serper.dev', port=443): Max retries exceeded with url: /search (Caused by NameResolutionError("HTTPSConnection(host='google.serper.dev', port=443): Failed to resolve 'google.serper.dev' ([Errno 8] nodename nor servname provided, or not known)"))
2026-06-26 19:16:24,755 WARNING Serper request failed for "Paul Haymore" home depot site:linkedin.com/in: HTTPSConnectionPool(host='google.serper.dev', port=443): Max retries exceeded with url: /search (Caused by NameResolutionError("HTTPSConnection(host='google.serper.dev', port=443): Failed to resolve 'google.serper.dev' ([Errno 8] nodename nor servname provided, or not known)"))
2026-06-26 19:16:26,147 WARNING Serper request failed for "Lindsay Hunt" home depot site:linkedin.com/in: HTTPSConnectionPool(host='google.serper.dev', port=443): Max retries exceeded with url: /search (Caused by NameResolutionError("HTTPSConnection(host='google.serper.dev', port=443): Failed to resolve 'google.serper.dev' ([Errno 8] nodename nor servname provided, or not known)"))
2026-06-26 19:16:27,120 WARNING Serper request failed for "Brandon Smith" home depot site:linkedin.com/in: HTTPSConnectionPool(host='google.serper.dev', port=443): Max retries exceeded with url: /search (Caused by NameResolutionError("HTTPSConnection(host='google.serper.dev', port=443): Failed to resolve 'google.serper.dev' ([Errno 8] nodename nor servname provided, or not known)"))
2026-06-26 19:16:27,588 WARNING Serper request failed for "John Hambrick" home depot site:linkedin.com/in: HTTPSConnectionPool(host='google.serper.dev', port=443): Max retries exceeded with url: /search (Caused by NameResolutionError("HTTPSConnection(host='google.serper.dev', port=443): Failed to resolve 'google.serper.dev' ([Errno 8] nodename nor servname provided, or not known)"))
2026-06-26 19:16:28,518 WARNING Serper request failed for "Danielle DeBow" home depot site:linkedin.com/in: HTTPSConnectionPool(host='google.serper.dev', port=443): Max retries exceeded with url: /search (Caused by NameResolutionError("HTTPSConnection(host='google.serper.dev', port=443): Failed to resolve 'google.serper.dev' ([Errno 8] nodename nor servname provided, or not known)"))
2026-06-26 19:16:29,327 WARNING Serper request failed for "Emily Clay" home depot site:linkedin.com/in: HTTPSConnectionPool(host='google.serper.dev', port=443): Max retries exceeded with url: /search (Caused by NameResolutionError("HTTPSConnection(host='google.serper.dev', port=443): Failed to resolve 'google.serper.dev' ([Errno 8] nodename nor servname provided, or not known)"))
2026-06-26 19:16:30,024 WARNING Serper request failed for "Eric Dolan" united site:linkedin.com/in: HTTPSConnectionPool(host='google.serper.dev', port=443): Max retries exceeded with url: /search (Caused by NameResolutionError("HTTPSConnection(host='google.serper.dev', port=443): Failed to resolve 'google.serper.dev' ([Errno 8] nodename nor servname provided, or not known)"))
2026-06-26 19:16:30,817 WARNING Serper request failed for "Ben Schultz" united site:linkedin.com/in: HTTPSConnectionPool(host='google.serper.dev', port=443): Max retries exceeded with url: /search (Caused by NameResolutionError("HTTPSConnection(host='google.serper.dev', port=443): Failed to resolve 'google.serper.dev' ([Errno 8] nodename nor servname provided, or not known)"))
2026-06-26 19:16:31,465 WARNING search_people_with_filters HTTP 400: {"success":true,"status":200,"error":"Not found"}
2026-06-26 19:16:31,472 WARNING Serper request failed for "Robin Hooker" united site:linkedin.com/in: HTTPSConnectionPool(host='google.serper.dev', port=443): Max retries exceeded with url: /search (Caused by NameResolutionError("HTTPSConnection(host='google.serper.dev', port=443): Failed to resolve 'google.serper.dev' ([Errno 8] nodename nor servname provided, or not known)"))
2026-06-26 19:16:32,246 WARNING search_people_with_filters HTTP 400: {"success":true,"status":200,"error":"Not found"}
2026-06-26 19:16:32,252 WARNING Serper request failed for "Lester Weekes" united site:linkedin.com/in: HTTPSConnectionPool(host='google.serper.dev', port=443): Max retries exceeded with url: /search (Caused by NameResolutionError("HTTPSConnection(host='google.serper.dev', port=443): Failed to resolve 'google.serper.dev' ([Errno 8] nodename nor servname provided, or not known)"))
2026-06-26 19:16:33,782 WARNING search_people_with_filters HTTP 400: {"success":true,"status":200,"error":"Not found"}
2026-06-26 19:16:33,786 WARNING Serper request failed for "Milin Shah" united site:linkedin.com/in: HTTPSConnectionPool(host='google.serper.dev', port=443): Max retries exceeded with url: /search (Caused by NameResolutionError("HTTPSConnection(host='google.serper.dev', port=443): Failed to resolve 'google.serper.dev' ([Errno 8] nodename nor servname provided, or not known)"))
2026-06-26 19:16:33,993 WARNING search_people_with_filters HTTP 400: {"success":true,"status":200,"error":"Not found"}
2026-06-26 19:16:34,005 WARNING Serper request failed for "Ellen Ewing" united site:linkedin.com/in: HTTPSConnectionPool(host='google.serper.dev', port=443): Max retries exceeded with url: /search (Caused by NameResolutionError("HTTPSConnection(host='google.serper.dev', port=443): Failed to resolve 'google.serper.dev' ([Errno 8] nodename nor servname provided, or not known)"))
2026-06-26 19:16:35,182 WARNING search_people_with_filters HTTP 400: {"success":true,"status":200,"error":"Not found"}
2026-06-26 19:16:35,189 WARNING Serper request failed for "Mary Ann Comstock" united site:linkedin.com/in: HTTPSConnectionPool(host='google.serper.dev', port=443): Max retries exceeded with url: /search (Caused by NameResolutionError("HTTPSConnection(host='google.serper.dev', port=443): Failed to resolve 'google.serper.dev' ([Errno 8] nodename nor servname provided, or not known)"))
2026-06-26 19:16:35,318 WARNING search_people_with_filters HTTP 400: {"success":true,"status":200,"error":"Not found"}
2026-06-26 19:16:35,322 WARNING Serper request failed for "David Massey" united site:linkedin.com/in: HTTPSConnectionPool(host='google.serper.dev', port=443): Max retries exceeded with url: /search (Caused by NameResolutionError("HTTPSConnection(host='google.serper.dev', port=443): Failed to resolve 'google.serper.dev' ([Errno 8] nodename nor servname provided, or not known)"))
2026-06-26 19:16:36,507 WARNING search_people_with_filters HTTP 400: {"success":true,"status":200,"error":"Not found"}
2026-06-26 19:16:36,509 WARNING Serper request failed for "Felicia Allen" united site:linkedin.com/in: HTTPSConnectionPool(host='google.serper.dev', port=443): Max retries exceeded with url: /search (Caused by NameResolutionError("HTTPSConnection(host='google.serper.dev', port=443): Failed to resolve 'google.serper.dev' ([Errno 8] nodename nor servname provided, or not known)"))
2026-06-26 19:16:36,734 WARNING search_people_with_filters HTTP 400: {"success":true,"status":200,"error":"Not found"}
2026-06-26 19:16:36,742 WARNING Serper request failed for "Lorraine Jack" united site:linkedin.com/in: HTTPSConnectionPool(host='google.serper.dev', port=443): Max retries exceeded with url: /search (Caused by NameResolutionError("HTTPSConnection(host='google.serper.dev', port=443): Failed to resolve 'google.serper.dev' ([Errno 8] nodename nor servname provided, or not known)"))
2026-06-26 19:16:38,231 WARNING search_people_with_filters HTTP 400: {"success":true,"status":200,"error":"Not found"}
2026-06-26 19:16:38,234 WARNING Serper request failed for "Akram Owens" united site:linkedin.com/in: HTTPSConnectionPool(host='google.serper.dev', port=443): Max retries exceeded with url: /search (Caused by NameResolutionError("HTTPSConnection(host='google.serper.dev', port=443): Failed to resolve 'google.serper.dev' ([Errno 8] nodename nor servname provided, or not known)"))
2026-06-26 19:16:39,332 WARNING search_people_with_filters HTTP 400: {"success":true,"status":200,"error":"Not found"}
2026-06-26 19:16:39,339 WARNING Serper request failed for "Gina Yoo" united site:linkedin.com/in: HTTPSConnectionPool(host='google.serper.dev', port=443): Max retries exceeded with url: /search (Caused by NameResolutionError("HTTPSConnection(host='google.serper.dev', port=443): Failed to resolve 'google.serper.dev' ([Errno 8] nodename nor servname provided, or not known)"))
2026-06-26 19:16:39,615 WARNING search_people_with_filters HTTP 400: {"success":true,"status":200,"error":"Not found"}
2026-06-26 19:16:39,620 WARNING Serper request failed for "Paula Adkins" enterprise site:linkedin.com/in: HTTPSConnectionPool(host='google.serper.dev', port=443): Max retries exceeded with url: /search (Caused by NameResolutionError("HTTPSConnection(host='google.serper.dev', port=443): Failed to resolve 'google.serper.dev' ([Errno 8] nodename nor servname provided, or not known)"))
2026-06-26 19:16:41,025 WARNING search_people_with_filters HTTP 400: {"success":true,"status":200,"error":"Not found"}
2026-06-26 19:16:41,029 WARNING Serper request failed for "Brendan Lease" united site:linkedin.com/in: HTTPSConnectionPool(host='google.serper.dev', port=443): Max retries exceeded with url: /search (Caused by NameResolutionError("HTTPSConnection(host='google.serper.dev', port=443): Failed to resolve 'google.serper.dev' ([Errno 8] nodename nor servname provided, or not known)"))
2026-06-26 19:16:41,454 WARNING Serper request failed for "Patrick Power" united site:linkedin.com/in: HTTPSConnectionPool(host='google.serper.dev', port=443): Max retries exceeded with url: /search (Caused by NameResolutionError("HTTPSConnection(host='google.serper.dev', port=443): Failed to resolve 'google.serper.dev' ([Errno 8] nodename nor servname provided, or not known)"))
2026-06-26 19:16:42,782 WARNING search_people_with_filters HTTP 400: {"success":true,"status":200,"error":"Not found"}
2026-06-26 19:16:42,789 WARNING Serper request failed for "Marcy Otoole" enterprise site:linkedin.com/in: HTTPSConnectionPool(host='google.serper.dev', port=443): Max retries exceeded with url: /search (Caused by NameResolutionError("HTTPSConnection(host='google.serper.dev', port=443): Failed to resolve 'google.serper.dev' ([Errno 8] nodename nor servname provided, or not known)"))
2026-06-26 19:16:42,927 WARNING search_people_with_filters HTTP 400: {"success":true,"status":200,"error":"Not found"}
2026-06-26 19:16:42,930 WARNING Serper request failed for "Christopher Lang" united site:linkedin.com/in: HTTPSConnectionPool(host='google.serper.dev', port=443): Max retries exceeded with url: /search (Caused by NameResolutionError("HTTPSConnection(host='google.serper.dev', port=443): Failed to resolve 'google.serper.dev' ([Errno 8] nodename nor servname provided, or not known)"))
2026-06-26 19:16:44,231 WARNING Serper request failed for "Bryce Cazier" united site:linkedin.com/in: HTTPSConnectionPool(host='google.serper.dev', port=443): Max retries exceeded with url: /search (Caused by NameResolutionError("HTTPSConnection(host='google.serper.dev', port=443): Failed to resolve 'google.serper.dev' ([Errno 8] nodename nor servname provided, or not known)"))
2026-06-26 19:16:44,310 WARNING search_people_with_filters HTTP 400: {"success":true,"status":200,"error":"Not found"}
2026-06-26 19:16:44,317 WARNING Serper request failed for "Michael Fenlon" united site:linkedin.com/in: HTTPSConnectionPool(host='google.serper.dev', port=443): Max retries exceeded with url: /search (Caused by NameResolutionError("HTTPSConnection(host='google.serper.dev', port=443): Failed to resolve 'google.serper.dev' ([Errno 8] nodename nor servname provided, or not known)"))
2026-06-26 19:16:45,759 WARNING search_people_with_filters HTTP 400: {"success":true,"status":200,"error":"Not found"}
2026-06-26 19:16:45,765 WARNING Serper request failed for "Matthew Collins" united site:linkedin.com/in: HTTPSConnectionPool(host='google.serper.dev', port=443): Max retries exceeded with url: /search (Caused by NameResolutionError("HTTPSConnection(host='google.serper.dev', port=443): Failed to resolve 'google.serper.dev' ([Errno 8] nodename nor servname provided, or not known)"))
2026-06-26 19:16:46,663 WARNING search_people_with_filters HTTP 400: {"success":true,"status":200,"error":"Not found"}
2026-06-26 19:16:46,670 WARNING Serper request failed for "Kalin Robinson" united site:linkedin.com/in: HTTPSConnectionPool(host='google.serper.dev', port=443): Max retries exceeded with url: /search (Caused by NameResolutionError("HTTPSConnection(host='google.serper.dev', port=443): Failed to resolve 'google.serper.dev' ([Errno 8] nodename nor servname provided, or not known)"))
2026-06-26 19:16:48,077 WARNING search_people_with_filters HTTP 400: {"success":true,"status":200,"error":"Not found"}
2026-06-26 19:16:48,082 WARNING Serper request failed for "Andrea Ivory" united site:linkedin.com/in: HTTPSConnectionPool(host='google.serper.dev', port=443): Max retries exceeded with url: /search (Caused by NameResolutionError("HTTPSConnection(host='google.serper.dev', port=443): Failed to resolve 'google.serper.dev' ([Errno 8] nodename nor servname provided, or not known)"))
2026-06-26 19:16:48,803 WARNING search_people_with_filters HTTP 400: {"success":true,"status":200,"error":"Not found"}
2026-06-26 19:16:48,808 WARNING Serper request failed for "Aviva Rose-Avila" united site:linkedin.com/in: HTTPSConnectionPool(host='google.serper.dev', port=443): Max retries exceeded with url: /search (Caused by NameResolutionError("HTTPSConnection(host='google.serper.dev', port=443): Failed to resolve 'google.serper.dev' ([Errno 8] nodename nor servname provided, or not known)"))
2026-06-26 19:16:50,402 WARNING search_people_with_filters HTTP 400: {"success":true,"status":200,"error":"Not found"}
2026-06-26 19:16:50,407 WARNING Serper request failed for "Terry Shade" united site:linkedin.com/in: HTTPSConnectionPool(host='google.serper.dev', port=443): Max retries exceeded with url: /search (Caused by NameResolutionError("HTTPSConnection(host='google.serper.dev', port=443): Failed to resolve 'google.serper.dev' ([Errno 8] nodename nor servname provided, or not known)"))
2026-06-26 19:16:50,607 WARNING search_people_with_filters HTTP 400: {"success":true,"status":200,"error":"Not found"}
2026-06-26 19:16:50,611 WARNING Serper request failed for "David Sisco" united site:linkedin.com/in: HTTPSConnectionPool(host='google.serper.dev', port=443): Max retries exceeded with url: /search (Caused by NameResolutionError("HTTPSConnection(host='google.serper.dev', port=443): Failed to resolve 'google.serper.dev' ([Errno 8] nodename nor servname provided, or not known)"))
2026-06-26 19:16:52,814 WARNING search_people_with_filters HTTP 400: {"success":true,"status":200,"error":"Not found"}
2026-06-26 19:16:52,841 WARNING search_people_with_filters HTTP 400: {"success":true,"status":200,"error":"Not found"}
2026-06-26 19:16:52,866 WARNING Serper request failed for "Alexis Cohen" united site:linkedin.com/in: HTTPSConnectionPool(host='google.serper.dev', port=443): Max retries exceeded with url: /search (Caused by NameResolutionError("HTTPSConnection(host='google.serper.dev', port=443): Failed to resolve 'google.serper.dev' ([Errno 8] nodename nor servname provided, or not known)"))
2026-06-26 19:16:52,866 WARNING Serper request failed for "Alex Ortolano" united site:linkedin.com/in: HTTPSConnectionPool(host='google.serper.dev', port=443): Max retries exceeded with url: /search (Caused by NameResolutionError("HTTPSConnection(host='google.serper.dev', port=443): Failed to resolve 'google.serper.dev' ([Errno 8] nodename nor servname provided, or not known)"))
2026-06-26 19:16:54,132 WARNING search_people_with_filters HTTP 400: {"success":true,"status":200,"error":"Not found"}
2026-06-26 19:16:54,137 WARNING Serper request failed for "Elizabeth Kinzer" united site:linkedin.com/in: HTTPSConnectionPool(host='google.serper.dev', port=443): Max retries exceeded with url: /search (Caused by NameResolutionError("HTTPSConnection(host='google.serper.dev', port=443): Failed to resolve 'google.serper.dev' ([Errno 8] nodename nor servname provided, or not known)"))
2026-06-26 19:16:54,681 WARNING search_people_with_filters HTTP 400: {"success":true,"status":200,"error":"Not found"}
2026-06-26 19:16:54,688 WARNING Serper request failed for "David Massey" united site:linkedin.com/in: HTTPSConnectionPool(host='google.serper.dev', port=443): Max retries exceeded with url: /search (Caused by NameResolutionError("HTTPSConnection(host='google.serper.dev', port=443): Failed to resolve 'google.serper.dev' ([Errno 8] nodename nor servname provided, or not known)"))
2026-06-26 19:16:55,519 WARNING search_people_with_filters HTTP 400: {"success":true,"status":200,"error":"Not found"}
2026-06-26 19:16:55,524 WARNING Serper request failed for "Reema Keen" united site:linkedin.com/in: HTTPSConnectionPool(host='google.serper.dev', port=443): Max retries exceeded with url: /search (Caused by NameResolutionError("HTTPSConnection(host='google.serper.dev', port=443): Failed to resolve 'google.serper.dev' ([Errno 8] nodename nor servname provided, or not known)"))
2026-06-26 19:16:56,461 WARNING search_people_with_filters HTTP 400: {"success":true,"status":200,"error":"Not found"}
2026-06-26 19:16:59,665 WARNING search_people_with_filters HTTP 400: {"success":true,"status":200,"error":"Not found"}
2026-06-26 19:17:01,423 WARNING search_people_with_filters HTTP 400: {"success":true,"status":200,"error":"Not found"}
2026-06-26 19:17:02,614 WARNING search_people_with_filters HTTP 400: {"success":true,"status":200,"error":"Not found"}
2026-06-26 19:17:35,230 INFO [atlanta_fast] 1500/3539 done — found=1082 low_conf=0 no_match=398 invalid=20 rapidapi=33
2026-06-26 19:17:41,173 WARNING search_people_with_filters HTTP 400: {"success":true,"status":200,"error":"Not found"}
2026-06-26 19:17:51,228 WARNING search_people_with_filters HTTP 400: {"success":true,"status":200,"error":"Not found"}
2026-06-26 19:18:39,073 WARNING search_people_with_filters HTTP 400: {"success":true,"status":200,"error":"Not found"}
2026-06-26 19:18:49,398 INFO [atlanta_fast] 1600/3539 done — found=1166 low_conf=0 no_match=414 invalid=20 rapidapi=34
2026-06-26 19:19:08,271 WARNING search_people_with_filters HTTP 400: {"success":true,"status":200,"error":"Not found"}
2026-06-26 19:19:14,727 WARNING search_people_with_filters HTTP 400: {"success":true,"status":200,"error":"Not found"}
2026-06-26 19:19:18,040 WARNING search_people_with_filters HTTP 400: {"success":true,"status":200,"error":"Not found"}
2026-06-26 19:19:22,397 WARNING search_people_with_filters HTTP 400: {"success":true,"status":200,"error":"Not found"}
2026-06-26 19:19:23,211 WARNING search_people_with_filters HTTP 400: {"success":true,"status":200,"error":"Not found"}
2026-06-26 19:19:32,407 WARNING search_people_with_filters HTTP 400: {"success":true,"status":200,"error":"Not found"}
2026-06-26 19:19:36,317 WARNING search_people_with_filters HTTP 400: {"success":true,"status":200,"error":"Not found"}
2026-06-26 19:19:37,103 WARNING search_people_with_filters HTTP 400: {"success":true,"status":200,"error":"Not found"}
2026-06-26 19:19:40,126 WARNING search_people_with_filters HTTP 400: {"success":true,"status":200,"error":"Not found"}
2026-06-26 19:20:00,173 INFO [atlanta_fast] 1700/3539 done — found=1251 low_conf=0 no_match=429 invalid=20 rapidapi=35
2026-06-26 19:21:17,316 INFO [atlanta_fast] 1800/3539 done — found=1339 low_conf=0 no_match=440 invalid=21 rapidapi=41
2026-06-26 19:22:43,917 INFO [atlanta_fast] 1900/3539 done — found=1414 low_conf=0 no_match=465 invalid=21 rapidapi=46
2026-06-26 19:24:21,536 INFO [atlanta_fast] 2000/3539 done — found=1480 low_conf=0 no_match=498 invalid=22 rapidapi=48
2026-06-26 19:25:46,037 INFO [atlanta_fast] 2100/3539 done — found=1560 low_conf=0 no_match=518 invalid=22 rapidapi=51
2026-06-26 19:26:54,982 WARNING search_people_with_filters HTTP 400: {"success":true,"status":200,"error":"Not found"}
2026-06-26 19:26:57,657 WARNING search_people_with_filters HTTP 400: {"success":true,"status":200,"error":"Not found"}
2026-06-26 19:26:58,544 WARNING search_people_with_filters HTTP 400: {"success":true,"status":200,"error":"Not found"}
2026-06-26 19:26:59,935 WARNING search_people_with_filters HTTP 400: {"success":true,"status":200,"error":"Not found"}
2026-06-26 19:27:09,772 INFO [atlanta_fast] 2200/3539 done — found=1639 low_conf=0 no_match=538 invalid=23 rapidapi=54
2026-06-26 19:28:39,277 INFO [atlanta_fast] 2300/3539 done — found=1713 low_conf=0 no_match=563 invalid=24 rapidapi=61
2026-06-26 19:29:58,717 INFO [atlanta_fast] 2400/3539 done — found=1794 low_conf=0 no_match=582 invalid=24 rapidapi=66
2026-06-26 19:31:30,499 INFO [atlanta_fast] 2500/3539 done — found=1861 low_conf=0 no_match=614 invalid=25 rapidapi=66
2026-06-26 19:31:41,990 WARNING Serper request failed for "Sallie Graves" mag mutual site:linkedin.com/in: HTTPSConnectionPool(host='google.serper.dev', port=443): Max retries exceeded with url: /search (Caused by ConnectTimeoutError(<HTTPSConnection(host='google.serper.dev', port=443) at 0x106b62c10>, 'Connection to google.serper.dev timed out. (connect timeout=10.0)'))
2026-06-26 19:31:57,436 WARNING search_people_with_filters network error (attempt 1): HTTPSConnectionPool(host='linkedin-data-scraper.p.rapidapi.com', port=443): Read timed out. (read timeout=15.0)
2026-06-26 19:32:55,653 INFO [atlanta_fast] 2600/3539 done — found=1947 low_conf=0 no_match=628 invalid=25 rapidapi=67
2026-06-26 19:34:02,131 WARNING Serper request failed for "Jennifer Hiddema" okta site:linkedin.com/in: HTTPSConnectionPool(host='google.serper.dev', port=443): Max retries exceeded with url: /search (Caused by NameResolutionError("HTTPSConnection(host='google.serper.dev', port=443): Failed to resolve 'google.serper.dev' ([Errno 8] nodename nor servname provided, or not known)"))
2026-06-26 19:34:03,790 WARNING Serper request failed for "Nathan  George" gds link site:linkedin.com/in: HTTPSConnectionPool(host='google.serper.dev', port=443): Max retries exceeded with url: /search (Caused by NameResolutionError("HTTPSConnection(host='google.serper.dev', port=443): Failed to resolve 'google.serper.dev' ([Errno 8] nodename nor servname provided, or not known)"))
2026-06-26 19:34:04,728 WARNING Serper request failed for "Kevin Morgan" bakkt site:linkedin.com/in: HTTPSConnectionPool(host='google.serper.dev', port=443): Max retries exceeded with url: /search (Caused by NameResolutionError("HTTPSConnection(host='google.serper.dev', port=443): Failed to resolve 'google.serper.dev' ([Errno 8] nodename nor servname provided, or not known)"))
2026-06-26 19:34:05,827 WARNING Serper request failed for "Nora Cantwell" bakkt site:linkedin.com/in: HTTPSConnectionPool(host='google.serper.dev', port=443): Max retries exceeded with url: /search (Caused by NameResolutionError("HTTPSConnection(host='google.serper.dev', port=443): Failed to resolve 'google.serper.dev' ([Errno 8] nodename nor servname provided, or not known)"))
2026-06-26 19:34:07,466 WARNING Serper request failed for "Julie Little" bakkt site:linkedin.com/in: HTTPSConnectionPool(host='google.serper.dev', port=443): Max retries exceeded with url: /search (Caused by NameResolutionError("HTTPSConnection(host='google.serper.dev', port=443): Failed to resolve 'google.serper.dev' ([Errno 8] nodename nor servname provided, or not known)"))
2026-06-26 19:34:07,959 WARNING Serper request failed for "Aaron D." bakkt site:linkedin.com/in: HTTPSConnectionPool(host='google.serper.dev', port=443): Max retries exceeded with url: /search (Caused by NameResolutionError("HTTPSConnection(host='google.serper.dev', port=443): Failed to resolve 'google.serper.dev' ([Errno 8] nodename nor servname provided, or not known)"))
2026-06-26 19:34:07,961 WARNING Serper request failed for "Alfonce Murungaru" bakkt site:linkedin.com/in: HTTPSConnectionPool(host='google.serper.dev', port=443): Max retries exceeded with url: /search (Caused by NameResolutionError("HTTPSConnection(host='google.serper.dev', port=443): Failed to resolve 'google.serper.dev' ([Errno 8] nodename nor servname provided, or not known)"))
2026-06-26 19:34:09,534 INFO [atlanta_fast] 2700/3539 done — found=2027 low_conf=0 no_match=645 invalid=28 rapidapi=71
2026-06-26 19:34:09,539 WARNING Serper request failed for "Nancy Lesser" bakkt site:linkedin.com/in: HTTPSConnectionPool(host='google.serper.dev', port=443): Max retries exceeded with url: /search (Caused by NameResolutionError("HTTPSConnection(host='google.serper.dev', port=443): Failed to resolve 'google.serper.dev' ([Errno 8] nodename nor servname provided, or not known)"))
2026-06-26 19:34:09,539 WARNING Serper request failed for "Timeshia Warren" bakkt site:linkedin.com/in: HTTPSConnectionPool(host='google.serper.dev', port=443): Max retries exceeded with url: /search (Caused by NameResolutionError("HTTPSConnection(host='google.serper.dev', port=443): Failed to resolve 'google.serper.dev' ([Errno 8] nodename nor servname provided, or not known)"))
2026-06-26 19:34:11,615 WARNING Serper request failed for "Madhu [not provided]" bakkt site:linkedin.com/in: HTTPSConnectionPool(host='google.serper.dev', port=443): Max retries exceeded with url: /search (Caused by NameResolutionError("HTTPSConnection(host='google.serper.dev', port=443): Failed to resolve 'google.serper.dev' ([Errno 8] nodename nor servname provided, or not known)"))
2026-06-26 19:34:11,775 WARNING Serper request failed for "Matthew Johnson" bakkt site:linkedin.com/in: HTTPSConnectionPool(host='google.serper.dev', port=443): Max retries exceeded with url: /search (Caused by NameResolutionError("HTTPSConnection(host='google.serper.dev', port=443): Failed to resolve 'google.serper.dev' ([Errno 8] nodename nor servname provided, or not known)"))
2026-06-26 19:34:13,564 WARNING Serper request failed for "Chip Hall" bakkt site:linkedin.com/in: HTTPSConnectionPool(host='google.serper.dev', port=443): Max retries exceeded with url: /search (Caused by NameResolutionError("HTTPSConnection(host='google.serper.dev', port=443): Failed to resolve 'google.serper.dev' ([Errno 8] nodename nor servname provided, or not known)"))
2026-06-26 19:34:15,906 WARNING Serper request failed for "Dan Oprey" bakkt site:linkedin.com/in: HTTPSConnectionPool(host='google.serper.dev', port=443): Max retries exceeded with url: /search (Caused by NameResolutionError("HTTPSConnection(host='google.serper.dev', port=443): Failed to resolve 'google.serper.dev' ([Errno 8] nodename nor servname provided, or not known)"))
2026-06-26 19:34:17,302 WARNING Serper request failed for "Mya Williams" bakkt site:linkedin.com/in: HTTPSConnectionPool(host='google.serper.dev', port=443): Max retries exceeded with url: /search (Caused by NameResolutionError("HTTPSConnection(host='google.serper.dev', port=443): Failed to resolve 'google.serper.dev' ([Errno 8] nodename nor servname provided, or not known)"))
2026-06-26 19:34:18,797 WARNING Serper request failed for "Cameron Cook" bakkt site:linkedin.com/in: HTTPSConnectionPool(host='google.serper.dev', port=443): Max retries exceeded with url: /search (Caused by NameResolutionError("HTTPSConnection(host='google.serper.dev', port=443): Failed to resolve 'google.serper.dev' ([Errno 8] nodename nor servname provided, or not known)"))
2026-06-26 19:34:20,540 WARNING Serper request failed for "Alex Jacobs" bakkt site:linkedin.com/in: HTTPSConnectionPool(host='google.serper.dev', port=443): Max retries exceeded with url: /search (Caused by NameResolutionError("HTTPSConnection(host='google.serper.dev', port=443): Failed to resolve 'google.serper.dev' ([Errno 8] nodename nor servname provided, or not known)"))
2026-06-26 19:34:22,905 WARNING Serper request failed for "Marc D'Annunzio" bakkt site:linkedin.com/in: HTTPSConnectionPool(host='google.serper.dev', port=443): Max retries exceeded with url: /search (Caused by NameResolutionError("HTTPSConnection(host='google.serper.dev', port=443): Failed to resolve 'google.serper.dev' ([Errno 8] nodename nor servname provided, or not known)"))
2026-06-26 19:34:23,538 WARNING Serper request failed for "Andy Bryant" bakkt site:linkedin.com/in: HTTPSConnectionPool(host='google.serper.dev', port=443): Max retries exceeded with url: /search (Caused by NameResolutionError("HTTPSConnection(host='google.serper.dev', port=443): Failed to resolve 'google.serper.dev' ([Errno 8] nodename nor servname provided, or not known)"))
2026-06-26 19:34:25,635 WARNING Serper request failed for "Michael Lewis" bakkt site:linkedin.com/in: HTTPSConnectionPool(host='google.serper.dev', port=443): Max retries exceeded with url: /search (Caused by NameResolutionError("HTTPSConnection(host='google.serper.dev', port=443): Failed to resolve 'google.serper.dev' ([Errno 8] nodename nor servname provided, or not known)"))
2026-06-26 19:34:27,295 WARNING Serper request failed for "Nicolas Cabrera" bakkt site:linkedin.com/in: HTTPSConnectionPool(host='google.serper.dev', port=443): Max retries exceeded with url: /search (Caused by NameResolutionError("HTTPSConnection(host='google.serper.dev', port=443): Failed to resolve 'google.serper.dev' ([Errno 8] nodename nor servname provided, or not known)"))
2026-06-26 19:34:28,861 WARNING Serper request failed for "Roochu Shah" bakkt site:linkedin.com/in: HTTPSConnectionPool(host='google.serper.dev', port=443): Max retries exceeded with url: /search (Caused by NameResolutionError("HTTPSConnection(host='google.serper.dev', port=443): Failed to resolve 'google.serper.dev' ([Errno 8] nodename nor servname provided, or not known)"))
2026-06-26 19:34:30,479 WARNING Serper request failed for "Carlos Batista" bakkt site:linkedin.com/in: HTTPSConnectionPool(host='google.serper.dev', port=443): Max retries exceeded with url: /search (Caused by NameResolutionError("HTTPSConnection(host='google.serper.dev', port=443): Failed to resolve 'google.serper.dev' ([Errno 8] nodename nor servname provided, or not known)"))
2026-06-26 19:34:33,963 WARNING Serper request failed for "Sabrina Chong" bakkt site:linkedin.com/in: HTTPSConnectionPool(host='google.serper.dev', port=443): Max retries exceeded with url: /search (Caused by NameResolutionError("HTTPSConnection(host='google.serper.dev', port=443): Failed to resolve 'google.serper.dev' ([Errno 8] nodename nor servname provided, or not known)"))
2026-06-26 19:34:35,822 WARNING Serper request failed for "Sailaja Puttagunta" bakkt site:linkedin.com/in: HTTPSConnectionPool(host='google.serper.dev', port=443): Max retries exceeded with url: /search (Caused by NameResolutionError("HTTPSConnection(host='google.serper.dev', port=443): Failed to resolve 'google.serper.dev' ([Errno 8] nodename nor servname provided, or not known)"))
2026-06-26 19:34:37,464 WARNING Serper request failed for "Cindy King" bakkt site:linkedin.com/in: HTTPSConnectionPool(host='google.serper.dev', port=443): Max retries exceeded with url: /search (Caused by NameResolutionError("HTTPSConnection(host='google.serper.dev', port=443): Failed to resolve 'google.serper.dev' ([Errno 8] nodename nor servname provided, or not known)"))
2026-06-26 19:34:38,420 WARNING search_people_with_filters network error (attempt 1): HTTPSConnectionPool(host='linkedin-data-scraper.p.rapidapi.com', port=443): Read timed out. (read timeout=15.0)
2026-06-26 19:34:38,897 WARNING Serper request failed for "Ismoil Bello" bakkt site:linkedin.com/in: HTTPSConnectionPool(host='google.serper.dev', port=443): Max retries exceeded with url: /search (Caused by NameResolutionError("HTTPSConnection(host='google.serper.dev', port=443): Failed to resolve 'google.serper.dev' ([Errno 8] nodename nor servname provided, or not known)"))
2026-06-26 19:34:40,436 WARNING Serper request failed for "Aaron Savelli" bakkt site:linkedin.com/in: HTTPSConnectionPool(host='google.serper.dev', port=443): Max retries exceeded with url: /search (Caused by NameResolutionError("HTTPSConnection(host='google.serper.dev', port=443): Failed to resolve 'google.serper.dev' ([Errno 8] nodename nor servname provided, or not known)"))
2026-06-26 19:34:40,948 WARNING Serper request failed for "Ashok Anthey" bakkt site:linkedin.com/in: HTTPSConnectionPool(host='google.serper.dev', port=443): Max retries exceeded with url: /search (Caused by NameResolutionError("HTTPSConnection(host='google.serper.dev', port=443): Failed to resolve 'google.serper.dev' ([Errno 8] nodename nor servname provided, or not known)"))
2026-06-26 19:34:42,774 WARNING Serper request failed for "Kim Jimenez" bakkt site:linkedin.com/in: HTTPSConnectionPool(host='google.serper.dev', port=443): Max retries exceeded with url: /search (Caused by NameResolutionError("HTTPSConnection(host='google.serper.dev', port=443): Failed to resolve 'google.serper.dev' ([Errno 8] nodename nor servname provided, or not known)"))
2026-06-26 19:34:43,645 WARNING Serper request failed for "Joe Mancini" bakkt site:linkedin.com/in: HTTPSConnectionPool(host='google.serper.dev', port=443): Max retries exceeded with url: /search (Caused by NameResolutionError("HTTPSConnection(host='google.serper.dev', port=443): Failed to resolve 'google.serper.dev' ([Errno 8] nodename nor servname provided, or not known)"))
2026-06-26 19:34:45,099 WARNING Serper request failed for "Maithili Mallarapu" bakkt site:linkedin.com/in: HTTPSConnectionPool(host='google.serper.dev', port=443): Max retries exceeded with url: /search (Caused by NameResolutionError("HTTPSConnection(host='google.serper.dev', port=443): Failed to resolve 'google.serper.dev' ([Errno 8] nodename nor servname provided, or not known)"))
2026-06-26 19:34:45,829 WARNING Serper request failed for "Vanessa Martin" bakkt site:linkedin.com/in: HTTPSConnectionPool(host='google.serper.dev', port=443): Max retries exceeded with url: /search (Caused by NameResolutionError("HTTPSConnection(host='google.serper.dev', port=443): Failed to resolve 'google.serper.dev' ([Errno 8] nodename nor servname provided, or not known)"))
2026-06-26 19:34:47,489 WARNING Serper request failed for "Michelle Mehta MBA CSM" bakkt site:linkedin.com/i: HTTPSConnectionPool(host='google.serper.dev', port=443): Max retries exceeded with url: /search (Caused by NameResolutionError("HTTPSConnection(host='google.serper.dev', port=443): Failed to resolve 'google.serper.dev' ([Errno 8] nodename nor servname provided, or not known)"))
2026-06-26 19:34:49,045 WARNING Serper request failed for "Jim Shumaker" bakkt site:linkedin.com/in: HTTPSConnectionPool(host='google.serper.dev', port=443): Max retries exceeded with url: /search (Caused by NameResolutionError("HTTPSConnection(host='google.serper.dev', port=443): Failed to resolve 'google.serper.dev' ([Errno 8] nodename nor servname provided, or not known)"))
2026-06-26 19:34:51,332 WARNING Serper request failed for "Deepak Kumar" bakkt site:linkedin.com/in: HTTPSConnectionPool(host='google.serper.dev', port=443): Max retries exceeded with url: /search (Caused by NameResolutionError("HTTPSConnection(host='google.serper.dev', port=443): Failed to resolve 'google.serper.dev' ([Errno 8] nodename nor servname provided, or not known)"))
2026-06-26 19:34:52,358 WARNING Serper request failed for "Susan Lam" bakkt site:linkedin.com/in: HTTPSConnectionPool(host='google.serper.dev', port=443): Max retries exceeded with url: /search (Caused by NameResolutionError("HTTPSConnection(host='google.serper.dev', port=443): Failed to resolve 'google.serper.dev' ([Errno 8] nodename nor servname provided, or not known)"))
2026-06-26 19:34:53,370 WARNING Serper request failed for "Colin Henderson" bakkt site:linkedin.com/in: HTTPSConnectionPool(host='google.serper.dev', port=443): Max retries exceeded with url: /search (Caused by NameResolutionError("HTTPSConnection(host='google.serper.dev', port=443): Failed to resolve 'google.serper.dev' ([Errno 8] nodename nor servname provided, or not known)"))
2026-06-26 19:34:53,878 WARNING Serper request failed for "Elizabeth Gordon" bakkt site:linkedin.com/in: HTTPSConnectionPool(host='google.serper.dev', port=443): Max retries exceeded with url: /search (Caused by NameResolutionError("HTTPSConnection(host='google.serper.dev', port=443): Failed to resolve 'google.serper.dev' ([Errno 8] nodename nor servname provided, or not known)"))
2026-06-26 19:34:55,019 WARNING Serper request failed for "Ray Colavito" bakkt site:linkedin.com/in: HTTPSConnectionPool(host='google.serper.dev', port=443): Max retries exceeded with url: /search (Caused by NameResolutionError("HTTPSConnection(host='google.serper.dev', port=443): Failed to resolve 'google.serper.dev' ([Errno 8] nodename nor servname provided, or not known)"))
2026-06-26 19:34:56,573 WARNING Serper request failed for "Lee Sharp" bakkt site:linkedin.com/in: HTTPSConnectionPool(host='google.serper.dev', port=443): Max retries exceeded with url: /search (Caused by NameResolutionError("HTTPSConnection(host='google.serper.dev', port=443): Failed to resolve 'google.serper.dev' ([Errno 8] nodename nor servname provided, or not known)"))
2026-06-26 19:34:58,576 WARNING Serper request failed for "Winston Garth" bakkt site:linkedin.com/in: HTTPSConnectionPool(host='google.serper.dev', port=443): Max retries exceeded with url: /search (Caused by NameResolutionError("HTTPSConnection(host='google.serper.dev', port=443): Failed to resolve 'google.serper.dev' ([Errno 8] nodename nor servname provided, or not known)"))
2026-06-26 19:35:00,183 WARNING Serper request failed for "Thomas Peck" bakkt site:linkedin.com/in: HTTPSConnectionPool(host='google.serper.dev', port=443): Max retries exceeded with url: /search (Caused by NameResolutionError("HTTPSConnection(host='google.serper.dev', port=443): Failed to resolve 'google.serper.dev' ([Errno 8] nodename nor servname provided, or not known)"))
2026-06-26 19:35:01,590 WARNING Serper request failed for "Manju Reddy" bakkt site:linkedin.com/in: HTTPSConnectionPool(host='google.serper.dev', port=443): Max retries exceeded with url: /search (Caused by NameResolutionError("HTTPSConnection(host='google.serper.dev', port=443): Failed to resolve 'google.serper.dev' ([Errno 8] nodename nor servname provided, or not known)"))
2026-06-26 19:35:02,152 WARNING Serper request failed for "Ferdinand Burns" bakkt site:linkedin.com/in: HTTPSConnectionPool(host='google.serper.dev', port=443): Max retries exceeded with url: /search (Caused by NameResolutionError("HTTPSConnection(host='google.serper.dev', port=443): Failed to resolve 'google.serper.dev' ([Errno 8] nodename nor servname provided, or not known)"))
2026-06-26 19:35:03,627 WARNING Serper request failed for "Lark Prewett" bakkt site:linkedin.com/in: HTTPSConnectionPool(host='google.serper.dev', port=443): Max retries exceeded with url: /search (Caused by NameResolutionError("HTTPSConnection(host='google.serper.dev', port=443): Failed to resolve 'google.serper.dev' ([Errno 8] nodename nor servname provided, or not known)"))
2026-06-26 19:35:05,142 WARNING Serper request failed for "Angela Turlington" bakkt site:linkedin.com/in: HTTPSConnectionPool(host='google.serper.dev', port=443): Max retries exceeded with url: /search (Caused by NameResolutionError("HTTPSConnection(host='google.serper.dev', port=443): Failed to resolve 'google.serper.dev' ([Errno 8] nodename nor servname provided, or not known)"))
2026-06-26 19:35:05,442 WARNING Serper request failed for "Shannon McKnight" bakkt site:linkedin.com/in: HTTPSConnectionPool(host='google.serper.dev', port=443): Max retries exceeded with url: /search (Caused by NameResolutionError("HTTPSConnection(host='google.serper.dev', port=443): Failed to resolve 'google.serper.dev' ([Errno 8] nodename nor servname provided, or not known)"))
2026-06-26 19:35:06,515 WARNING Serper request failed for "Joe Revnes" bakkt site:linkedin.com/in: HTTPSConnectionPool(host='google.serper.dev', port=443): Max retries exceeded with url: /search (Caused by NameResolutionError("HTTPSConnection(host='google.serper.dev', port=443): Failed to resolve 'google.serper.dev' ([Errno 8] nodename nor servname provided, or not known)"))
2026-06-26 19:35:07,060 WARNING Serper request failed for "Christina Born" bakkt site:linkedin.com/in: HTTPSConnectionPool(host='google.serper.dev', port=443): Max retries exceeded with url: /search (Caused by NameResolutionError("HTTPSConnection(host='google.serper.dev', port=443): Failed to resolve 'google.serper.dev' ([Errno 8] nodename nor servname provided, or not known)"))
2026-06-26 19:35:08,204 WARNING Serper request failed for "Michelle Armstrong" bakkt site:linkedin.com/in: HTTPSConnectionPool(host='google.serper.dev', port=443): Max retries exceeded with url: /search (Caused by NameResolutionError("HTTPSConnection(host='google.serper.dev', port=443): Failed to resolve 'google.serper.dev' ([Errno 8] nodename nor servname provided, or not known)"))
2026-06-26 19:35:09,638 WARNING Serper request failed for "Justin Fontenot" bakkt site:linkedin.com/in: HTTPSConnectionPool(host='google.serper.dev', port=443): Max retries exceeded with url: /search (Caused by NameResolutionError("HTTPSConnection(host='google.serper.dev', port=443): Failed to resolve 'google.serper.dev' ([Errno 8] nodename nor servname provided, or not known)"))
2026-06-26 19:35:09,866 WARNING Serper request failed for "Larry Wine" bakkt site:linkedin.com/in: HTTPSConnectionPool(host='google.serper.dev', port=443): Max retries exceeded with url: /search (Caused by NameResolutionError("HTTPSConnection(host='google.serper.dev', port=443): Failed to resolve 'google.serper.dev' ([Errno 8] nodename nor servname provided, or not known)"))
2026-06-26 19:35:11,034 WARNING Serper request failed for "Chris Watkins" bakkt site:linkedin.com/in: HTTPSConnectionPool(host='google.serper.dev', port=443): Max retries exceeded with url: /search (Caused by NameResolutionError("HTTPSConnection(host='google.serper.dev', port=443): Failed to resolve 'google.serper.dev' ([Errno 8] nodename nor servname provided, or not known)"))
2026-06-26 19:35:11,433 WARNING Serper request failed for "James Sybert" bakkt site:linkedin.com/in: HTTPSConnectionPool(host='google.serper.dev', port=443): Max retries exceeded with url: /search (Caused by NameResolutionError("HTTPSConnection(host='google.serper.dev', port=443): Failed to resolve 'google.serper.dev' ([Errno 8] nodename nor servname provided, or not known)"))
2026-06-26 19:35:12,979 WARNING Serper request failed for "Clay Zug" blockfi site:linkedin.com/in: HTTPSConnectionPool(host='google.serper.dev', port=443): Max retries exceeded with url: /search (Caused by NameResolutionError("HTTPSConnection(host='google.serper.dev', port=443): Failed to resolve 'google.serper.dev' ([Errno 8] nodename nor servname provided, or not known)"))
2026-06-26 19:35:14,025 WARNING Serper request failed for "Brian Rogers" everest site:linkedin.com/in: HTTPSConnectionPool(host='google.serper.dev', port=443): Max retries exceeded with url: /search (Caused by NameResolutionError("HTTPSConnection(host='google.serper.dev', port=443): Failed to resolve 'google.serper.dev' ([Errno 8] nodename nor servname provided, or not known)"))
2026-06-26 19:35:16,018 WARNING Serper request failed for "Traron Moore" bakkt site:linkedin.com/in: HTTPSConnectionPool(host='google.serper.dev', port=443): Max retries exceeded with url: /search (Caused by NameResolutionError("HTTPSConnection(host='google.serper.dev', port=443): Failed to resolve 'google.serper.dev' ([Errno 8] nodename nor servname provided, or not known)"))
2026-06-26 19:36:07,212 INFO [atlanta_fast] 2800/3539 done — found=2060 low_conf=0 no_match=709 invalid=31 rapidapi=77
2026-06-26 19:37:28,486 INFO [atlanta_fast] 2900/3539 done — found=2141 low_conf=0 no_match=728 invalid=31 rapidapi=77
2026-06-26 19:38:57,858 INFO [atlanta_fast] 3000/3539 done — found=2219 low_conf=0 no_match=750 invalid=31 rapidapi=78
2026-06-26 19:39:36,549 WARNING search_people_with_filters HTTP 400: {"success":true,"status":200,"error":"Not found"}
2026-06-26 19:39:40,670 WARNING search_people_with_filters HTTP 400: {"success":true,"status":200,"error":"Not found"}
2026-06-26 19:40:17,067 INFO [atlanta_fast] 3100/3539 done — found=2284 low_conf=0 no_match=775 invalid=41 rapidapi=79
2026-06-26 19:41:24,793 WARNING search_people_with_filters HTTP 400: {"success":true,"status":200,"error":"Not found"}
2026-06-26 19:41:38,675 INFO [atlanta_fast] 3200/3539 done — found=2359 low_conf=0 no_match=797 invalid=44 rapidapi=79
2026-06-26 19:42:37,974 WARNING search_people_with_filters HTTP 400: {"success":true,"status":200,"error":"Not found"}
2026-06-26 19:42:52,252 WARNING search_people_with_filters HTTP 400: {"success":true,"status":200,"error":"Not found"}
2026-06-26 19:42:58,627 INFO [atlanta_fast] 3300/3539 done — found=2432 low_conf=0 no_match=824 invalid=44 rapidapi=79
2026-06-26 19:43:19,799 WARNING search_people_with_filters HTTP 400: {"success":true,"status":200,"error":"Not found"}
2026-06-26 19:43:30,059 WARNING search_people_with_filters HTTP 400: {"success":true,"status":200,"error":"Not found"}
2026-06-26 19:43:35,326 WARNING search_people_with_filters network error (attempt 1): HTTPSConnectionPool(host='linkedin-data-scraper.p.rapidapi.com', port=443): Read timed out. (read timeout=15.0)
2026-06-26 19:43:42,237 WARNING search_people_with_filters HTTP 400: {"success":true,"status":200,"error":"Not found"}
2026-06-26 19:43:59,346 WARNING search_people_with_filters HTTP 400: {"success":true,"status":200,"error":"Not found"}
2026-06-26 19:44:00,213 WARNING search_people_with_filters HTTP 400: {"success":true,"status":200,"error":"Not found"}
2026-06-26 19:44:01,801 WARNING search_people_with_filters HTTP 400: {"success":true,"status":200,"error":"Not found"}
2026-06-26 19:44:12,585 WARNING search_people_with_filters HTTP 400: {"success":true,"status":200,"error":"Not found"}
2026-06-26 19:44:19,608 WARNING search_people_with_filters HTTP 400: {"success":true,"status":200,"error":"Not found"}
2026-06-26 19:44:19,640 INFO [atlanta_fast] 3400/3539 done — found=2518 low_conf=0 no_match=838 invalid=44 rapidapi=79
2026-06-26 19:44:24,806 WARNING search_people_with_filters HTTP 400: {"success":true,"status":200,"error":"Not found"}
2026-06-26 19:44:25,698 WARNING search_people_with_filters HTTP 400: {"success":true,"status":200,"error":"Not found"}
2026-06-26 19:44:28,297 WARNING search_people_with_filters HTTP 400: {"success":true,"status":200,"error":"Not found"}
2026-06-26 19:45:05,907 WARNING search_people_with_filters HTTP 400: {"success":true,"status":200,"error":"Not found"}
2026-06-26 19:45:19,164 WARNING search_people_with_filters HTTP 400: {"success":true,"status":200,"error":"Not found"}
2026-06-26 19:45:45,168 INFO [atlanta_fast] 3500/3539 done — found=2595 low_conf=0 no_match=861 invalid=44 rapidapi=79
2026-06-26 19:46:25,756 INFO [atlanta_fast] 3539/3539 done — found=2625 low_conf=0 no_match=870 invalid=44 rapidapi=79
2026-06-26 19:46:25,760 INFO Finished atlanta_fast -> /Users/manikaransingh/linkedin-tenure-weekly/ashutosh/data/person_linkedin/atlanta_fast_20260626_185716.csv (3539 rows, 2625 with URLs)
